Question ID (machine readable),Response ID (machine readable),Response value,Answer requirement,Human-friendly question label
PSL_DATA_COLLECTION_COLLECTS_PERSONAL_DATA,,TRUE,REQUIRED,
PSL_DATA_COLLECTION_ENCRYPTED_IN_TRANSIT,,TRUE,MAYBE_REQUIRED,
PSL_DATA_COLLECTION_USER_REQUEST_DELETE,,TRUE,MAYBE_REQUIRED,
PSL_DATA_TYPES_PERSONAL,PSL_NAME,,MULTIPLE_CHOICE,
PSL_DATA_TYPES_PERSONAL,PSL_EMAIL,TRUE,MULTIPLE_CHOICE,
PSL_DATA_TYPES_PERSONAL,PSL_USER_ACCOUNT,TRUE,MULTIPLE_CHOICE,
PSL_DATA_TYPES_PERSONAL,PSL_ADDRESS,,MULTIPLE_CHOICE,
PSL_DATA_TYPES_PERSONAL,PSL_PHONE,TRUE,MULTIPLE_CHOICE,
PSL_DATA_TYPES_PERSONAL,PSL_RACE_ETHNICITY,,MULTIPLE_CHOICE,
PSL_DATA_TYPES_PERSONAL,PSL_POLITICAL_RELIGIOUS,,MULTIPLE_CHOICE,
PSL_DATA_TYPES_PERSONAL,PSL_SEXUAL_ORIENTATION_GENDER_IDENTITY,,MULTIPLE_CHOICE,
PSL_DATA_TYPES_PERSONAL,PSL_OTHER_PERSONAL,,MULTIPLE_CHOICE,
PSL_DATA_TYPES_FINANCIAL,PSL_PURCHASE_HISTORY,TRUE,MULTIPLE_CHOICE,
PSL_DATA_TYPES_FINANCIAL,PSL_CREDIT_SCORE,,MULTIPLE_CHOICE,
PSL_DATA_TYPES_FINANCIAL,PSL_CREDIT_DEBIT_BANK_ACCOUNT_NUMBER,,MULTIPLE_CHOICE,
PSL_DATA_TYPES_FINANCIAL,PSL_OTHER,,MULTIPLE_CHOICE,
PSL_DATA_TYPES_LOCATION,PSL_APPROX_LOCATION,,MULTIPLE_CHOICE,
PSL_DATA_TYPES_LOCATION,PSL_PRECISE_LOCATION,,MULTIPLE_CHOICE,
PSL_DATA_TYPES_SEARCH_AND_BROWSING,PSL_WEB_BROWSING_HISTORY,,MULTIPLE_CHOICE,
PSL_DATA_TYPES_EMAIL_AND_TEXT,PSL_EMAILS,,MULTIPLE_CHOICE,
PSL_DATA_TYPES_EMAIL_AND_TEXT,PSL_SMS_CALL_LOG,,MULTIPLE_CHOICE,
PSL_DATA_TYPES_EMAIL_AND_TEXT,PSL_OTHER_MESSAGES,,MULTIPLE_CHOICE,
PSL_DATA_TYPES_PHOTOS_AND_VIDEOS,PSL_PHOTOS,,MULTIPLE_CHOICE,
PSL_DATA_TYPES_PHOTOS_AND_VIDEOS,PSL_VIDEOS,,MULTIPLE_CHOICE,
PSL_DATA_TYPES_AUDIO,PSL_AUDIO,,MULTIPLE_CHOICE,
PSL_DATA_TYPES_AUDIO,PSL_MUSIC,,MULTIPLE_CHOICE,
PSL_DATA_TYPES_AUDIO,PSL_OTHER_AUDIO,,MULTIPLE_CHOICE,
PSL_DATA_TYPES_HEALTH_AND_FITNESS,PSL_HEALTH,,MULTIPLE_CHOICE,
PSL_DATA_TYPES_HEALTH_AND_FITNESS,PSL_FITNESS,,MULTIPLE_CHOICE,
PSL_DATA_TYPES_CONTACTS,PSL_CONTACTS,,MULTIPLE_CHOICE,
PSL_DATA_TYPES_CALENDAR,PSL_CALENDAR,,MULTIPLE_CHOICE,
PSL_DATA_TYPES_APP_PERFORMANCE,PSL_CRASH_LOGS,,MULTIPLE_CHOICE,
PSL_DATA_TYPES_APP_PERFORMANCE,PSL_PERFORMANCE_DIAGNOSTICS,,MULTIPLE_CHOICE,
PSL_DATA_TYPES_APP_PERFORMANCE,PSL_OTHER_PERFORMANCE,,MULTIPLE_CHOICE,
PSL_DATA_TYPES_FILES_AND_DOCS,PSL_FILES_AND_DOCS,,MULTIPLE_CHOICE,
PSL_DATA_TYPES_APP_ACTIVITY,PSL_USER_INTERACTION,TRUE,MULTIPLE_CHOICE,
PSL_DATA_TYPES_APP_ACTIVITY,PSL_IN_APP_SEARCH_HISTORY,,MULTIPLE_CHOICE,
PSL_DATA_TYPES_APP_ACTIVITY,PSL_APPS_ON_DEVICE,,MULTIPLE_CHOICE,
PSL_DATA_TYPES_APP_ACTIVITY,PSL_USER_GENERATED_CONTENT,TRUE,MULTIPLE_CHOICE,
PSL_DATA_TYPES_APP_ACTIVITY,PSL_OTHER_APP_ACTIVITY,,MULTIPLE_CHOICE,
PSL_DATA_TYPES_IDENTIFIERS,PSL_DEVICE_ID,TRUE,MULTIPLE_CHOICE,
PSL_DATA_USAGE_RESPONSES:PSL_NAME:PSL_DATA_USAGE_COLLECTION_AND_SHARING,PSL_DATA_USAGE_ONLY_COLLECTED,,MULTIPLE_CHOICE,
PSL_DATA_USAGE_RESPONSES:PSL_NAME:PSL_DATA_USAGE_COLLECTION_AND_SHARING,PSL_DATA_USAGE_ONLY_SHARED,,MULTIPLE_CHOICE,
PSL_DATA_USAGE_RESPONSES:PSL_NAME:PSL_DATA_USAGE_EPHEMERAL,,,MAYBE_REQUIRED,
PSL_DATA_USAGE_RESPONSES:PSL_NAME:DATA_USAGE_USER_CONTROL,PSL_DATA_USAGE_USER_CONTROL_OPTIONAL,,SINGLE_CHOICE,
PSL_DATA_USAGE_RESPONSES:PSL_NAME:DATA_USAGE_USER_CONTROL,PSL_DATA_USAGE_USER_CONTROL_REQUIRED,,SINGLE_CHOICE,
PSL_DATA_USAGE_RESPONSES:PSL_NAME:DATA_USAGE_COLLECTION_PURPOSE,PSL_APP_FUNCTIONALITY,,MULTIPLE_CHOICE,
PSL_DATA_USAGE_RESPONSES:PSL_NAME:DATA_USAGE_COLLECTION_PURPOSE,PSL_ANALYTICS,,MULTIPLE_CHOICE,
PSL_DATA_USAGE_RESPONSES:PSL_NAME:DATA_USAGE_COLLECTION_PURPOSE,PSL_DEVELOPER_COMMUNICATIONS,,MULTIPLE_CHOICE,
PSL_DATA_USAGE_RESPONSES:PSL_NAME:DATA_USAGE_COLLECTION_PURPOSE,PSL_FRAUD_PREVENTION_SECURITY,,MULTIPLE_CHOICE,
PSL_DATA_USAGE_RESPONSES:PSL_NAME:DATA_USAGE_COLLECTION_PURPOSE,PSL_ADVERTISING,,MULTIPLE_CHOICE,
PSL_DATA_USAGE_RESPONSES:PSL_NAME:DATA_USAGE_COLLECTION_PURPOSE,PSL_PERSONALIZATION,,MULTIPLE_CHOICE,
PSL_DATA_USAGE_RESPONSES:PSL_NAME:DATA_USAGE_COLLECTION_PURPOSE,PSL_ACCOUNT_MANAGEMENT,,MULTIPLE_CHOICE,
PSL_DATA_USAGE_RESPONSES:PSL_NAME:DATA_USAGE_SHARING_PURPOSE,PSL_APP_FUNCTIONALITY,,MULTIPLE_CHOICE,
PSL_DATA_USAGE_RESPONSES:PSL_NAME:DATA_USAGE_SHARING_PURPOSE,PSL_ANALYTICS,,MULTIPLE_CHOICE,
PSL_DATA_USAGE_RESPONSES:PSL_NAME:DATA_USAGE_SHARING_PURPOSE,PSL_DEVELOPER_COMMUNICATIONS,,MULTIPLE_CHOICE,
PSL_DATA_USAGE_RESPONSES:PSL_NAME:DATA_USAGE_SHARING_PURPOSE,PSL_FRAUD_PREVENTION_SECURITY,,MULTIPLE_CHOICE,
PSL_DATA_USAGE_RESPONSES:PSL_NAME:DATA_USAGE_SHARING_PURPOSE,PSL_ADVERTISING,,MULTIPLE_CHOICE,
PSL_DATA_USAGE_RESPONSES:PSL_NAME:DATA_USAGE_SHARING_PURPOSE,PSL_PERSONALIZATION,,MULTIPLE_CHOICE,
PSL_DATA_USAGE_RESPONSES:PSL_NAME:DATA_USAGE_SHARING_PURPOSE,PSL_ACCOUNT_MANAGEMENT,,MULTIPLE_CHOICE,
PSL_DATA_USAGE_RESPONSES:PSL_EMAIL:PSL_DATA_USAGE_COLLECTION_AND_SHARING,PSL_DATA_USAGE_ONLY_COLLECTED,TRUE,MULTIPLE_CHOICE,
PSL_DATA_USAGE_RESPONSES:PSL_EMAIL:PSL_DATA_USAGE_COLLECTION_AND_SHARING,PSL_DATA_USAGE_ONLY_SHARED,,MULTIPLE_CHOICE,
PSL_DATA_USAGE_RESPONSES:PSL_EMAIL:PSL_DATA_USAGE_EPHEMERAL,,FALSE,MAYBE_REQUIRED,
PSL_DATA_USAGE_RESPONSES:PSL_EMAIL:DATA_USAGE_USER_CONTROL,PSL_DATA_USAGE_USER_CONTROL_OPTIONAL,TRUE,SINGLE_CHOICE,
PSL_DATA_USAGE_RESPONSES:PSL_EMAIL:DATA_USAGE_USER_CONTROL,PSL_DATA_USAGE_USER_CONTROL_REQUIRED,,SINGLE_CHOICE,
PSL_DATA_USAGE_RESPONSES:PSL_EMAIL:DATA_USAGE_COLLECTION_PURPOSE,PSL_APP_FUNCTIONALITY,TRUE,MULTIPLE_CHOICE,
PSL_DATA_USAGE_RESPONSES:PSL_EMAIL:DATA_USAGE_COLLECTION_PURPOSE,PSL_ANALYTICS,,MULTIPLE_CHOICE,
PSL_DATA_USAGE_RESPONSES:PSL_EMAIL:DATA_USAGE_COLLECTION_PURPOSE,PSL_DEVELOPER_COMMUNICATIONS,,MULTIPLE_CHOICE,
PSL_DATA_USAGE_RESPONSES:PSL_EMAIL:DATA_USAGE_COLLECTION_PURPOSE,PSL_FRAUD_PREVENTION_SECURITY,,MULTIPLE_CHOICE,
PSL_DATA_USAGE_RESPONSES:PSL_EMAIL:DATA_USAGE_COLLECTION_PURPOSE,PSL_ADVERTISING,,MULTIPLE_CHOICE,
PSL_DATA_USAGE_RESPONSES:PSL_EMAIL:DATA_USAGE_COLLECTION_PURPOSE,PSL_PERSONALIZATION,,MULTIPLE_CHOICE,
PSL_DATA_USAGE_RESPONSES:PSL_EMAIL:DATA_USAGE_COLLECTION_PURPOSE,PSL_ACCOUNT_MANAGEMENT,TRUE,MULTIPLE_CHOICE,
PSL_DATA_USAGE_RESPONSES:PSL_EMAIL:DATA_USAGE_SHARING_PURPOSE,PSL_APP_FUNCTIONALITY,,MULTIPLE_CHOICE,
PSL_DATA_USAGE_RESPONSES:PSL_EMAIL:DATA_USAGE_SHARING_PURPOSE,PSL_ANALYTICS,,MULTIPLE_CHOICE,
PSL_DATA_USAGE_RESPONSES:PSL_EMAIL:DATA_USAGE_SHARING_PURPOSE,PSL_DEVELOPER_COMMUNICATIONS,,MULTIPLE_CHOICE,
PSL_DATA_USAGE_RESPONSES:PSL_EMAIL:DATA_USAGE_SHARING_PURPOSE,PSL_FRAUD_PREVENTION_SECURITY,,MULTIPLE_CHOICE,
PSL_DATA_USAGE_RESPONSES:PSL_EMAIL:DATA_USAGE_SHARING_PURPOSE,PSL_ADVERTISING,,MULTIPLE_CHOICE,
PSL_DATA_USAGE_RESPONSES:PSL_EMAIL:DATA_USAGE_SHARING_PURPOSE,PSL_PERSONALIZATION,,MULTIPLE_CHOICE,
PSL_DATA_USAGE_RESPONSES:PSL_EMAIL:DATA_USAGE_SHARING_PURPOSE,PSL_ACCOUNT_MANAGEMENT,,MULTIPLE_CHOICE,
PSL_DATA_USAGE_RESPONSES:PSL_USER_ACCOUNT:PSL_DATA_USAGE_COLLECTION_AND_SHARING,PSL_DATA_USAGE_ONLY_COLLECTED,TRUE,MULTIPLE_CHOICE,
PSL_DATA_USAGE_RESPONSES:PSL_USER_ACCOUNT:PSL_DATA_USAGE_COLLECTION_AND_SHARING,PSL_DATA_USAGE_ONLY_SHARED,,MULTIPLE_CHOICE,
PSL_DATA_USAGE_RESPONSES:PSL_USER_ACCOUNT:PSL_DATA_USAGE_EPHEMERAL,,FALSE,MAYBE_REQUIRED,
PSL_DATA_USAGE_RESPONSES:PSL_USER_ACCOUNT:DATA_USAGE_USER_CONTROL,PSL_DATA_USAGE_USER_CONTROL_OPTIONAL,,SINGLE_CHOICE,
PSL_DATA_USAGE_RESPONSES:PSL_USER_ACCOUNT:DATA_USAGE_USER_CONTROL,PSL_DATA_USAGE_USER_CONTROL_REQUIRED,TRUE,SINGLE_CHOICE,
PSL_DATA_USAGE_RESPONSES:PSL_USER_ACCOUNT:DATA_USAGE_COLLECTION_PURPOSE,PSL_APP_FUNCTIONALITY,TRUE,MULTIPLE_CHOICE,
PSL_DATA_USAGE_RESPONSES:PSL_USER_ACCOUNT:DATA_USAGE_COLLECTION_PURPOSE,PSL_ANALYTICS,,MULTIPLE_CHOICE,
PSL_DATA_USAGE_RESPONSES:PSL_USER_ACCOUNT:DATA_USAGE_COLLECTION_PURPOSE,PSL_DEVELOPER_COMMUNICATIONS,,MULTIPLE_CHOICE,
PSL_DATA_USAGE_RESPONSES:PSL_USER_ACCOUNT:DATA_USAGE_COLLECTION_PURPOSE,PSL_FRAUD_PREVENTION_SECURITY,,MULTIPLE_CHOICE,
PSL_DATA_USAGE_RESPONSES:PSL_USER_ACCOUNT:DATA_USAGE_COLLECTION_PURPOSE,PSL_ADVERTISING,,MULTIPLE_CHOICE,
PSL_DATA_USAGE_RESPONSES:PSL_USER_ACCOUNT:DATA_USAGE_COLLECTION_PURPOSE,PSL_PERSONALIZATION,,MULTIPLE_CHOICE,
PSL_DATA_USAGE_RESPONSES:PSL_USER_ACCOUNT:DATA_USAGE_COLLECTION_PURPOSE,PSL_ACCOUNT_MANAGEMENT,TRUE,MULTIPLE_CHOICE,
PSL_DATA_USAGE_RESPONSES:PSL_USER_ACCOUNT:DATA_USAGE_SHARING_PURPOSE,PSL_APP_FUNCTIONALITY,,MULTIPLE_CHOICE,
PSL_DATA_USAGE_RESPONSES:PSL_USER_ACCOUNT:DATA_USAGE_SHARING_PURPOSE,PSL_ANALYTICS,,MULTIPLE_CHOICE,
PSL_DATA_USAGE_RESPONSES:PSL_USER_ACCOUNT:DATA_USAGE_SHARING_PURPOSE,PSL_DEVELOPER_COMMUNICATIONS,,MULTIPLE_CHOICE,
PSL_DATA_USAGE_RESPONSES:PSL_USER_ACCOUNT:DATA_USAGE_SHARING_PURPOSE,PSL_FRAUD_PREVENTION_SECURITY,,MULTIPLE_CHOICE,
PSL_DATA_USAGE_RESPONSES:PSL_USER_ACCOUNT:DATA_USAGE_SHARING_PURPOSE,PSL_ADVERTISING,,MULTIPLE_CHOICE,
PSL_DATA_USAGE_RESPONSES:PSL_USER_ACCOUNT:DATA_USAGE_SHARING_PURPOSE,PSL_PERSONALIZATION,,MULTIPLE_CHOICE,
PSL_DATA_USAGE_RESPONSES:PSL_USER_ACCOUNT:DATA_USAGE_SHARING_PURPOSE,PSL_ACCOUNT_MANAGEMENT,,MULTIPLE_CHOICE,
PSL_DATA_USAGE_RESPONSES:PSL_ADDRESS:PSL_DATA_USAGE_COLLECTION_AND_SHARING,PSL_DATA_USAGE_ONLY_COLLECTED,,MULTIPLE_CHOICE,
PSL_DATA_USAGE_RESPONSES:PSL_ADDRESS:PSL_DATA_USAGE_COLLECTION_AND_SHARING,PSL_DATA_USAGE_ONLY_SHARED,,MULTIPLE_CHOICE,
PSL_DATA_USAGE_RESPONSES:PSL_ADDRESS:PSL_DATA_USAGE_EPHEMERAL,,,MAYBE_REQUIRED,
PSL_DATA_USAGE_RESPONSES:PSL_ADDRESS:DATA_USAGE_USER_CONTROL,PSL_DATA_USAGE_USER_CONTROL_OPTIONAL,,SINGLE_CHOICE,
PSL_DATA_USAGE_RESPONSES:PSL_ADDRESS:DATA_USAGE_USER_CONTROL,PSL_DATA_USAGE_USER_CONTROL_REQUIRED,,SINGLE_CHOICE,
PSL_DATA_USAGE_RESPONSES:PSL_ADDRESS:DATA_USAGE_COLLECTION_PURPOSE,PSL_APP_FUNCTIONALITY,,MULTIPLE_CHOICE,
PSL_DATA_USAGE_RESPONSES:PSL_ADDRESS:DATA_USAGE_COLLECTION_PURPOSE,PSL_ANALYTICS,,MULTIPLE_CHOICE,
PSL_DATA_USAGE_RESPONSES:PSL_ADDRESS:DATA_USAGE_COLLECTION_PURPOSE,PSL_DEVELOPER_COMMUNICATIONS,,MULTIPLE_CHOICE,
PSL_DATA_USAGE_RESPONSES:PSL_ADDRESS:DATA_USAGE_COLLECTION_PURPOSE,PSL_FRAUD_PREVENTION_SECURITY,,MULTIPLE_CHOICE,
PSL_DATA_USAGE_RESPONSES:PSL_ADDRESS:DATA_USAGE_COLLECTION_PURPOSE,PSL_ADVERTISING,,MULTIPLE_CHOICE,
PSL_DATA_USAGE_RESPONSES:PSL_ADDRESS:DATA_USAGE_COLLECTION_PURPOSE,PSL_PERSONALIZATION,,MULTIPLE_CHOICE,
PSL_DATA_USAGE_RESPONSES:PSL_ADDRESS:DATA_USAGE_COLLECTION_PURPOSE,PSL_ACCOUNT_MANAGEMENT,,MULTIPLE_CHOICE,
PSL_DATA_USAGE_RESPONSES:PSL_ADDRESS:DATA_USAGE_SHARING_PURPOSE,PSL_APP_FUNCTIONALITY,,MULTIPLE_CHOICE,
PSL_DATA_USAGE_RESPONSES:PSL_ADDRESS:DATA_USAGE_SHARING_PURPOSE,PSL_ANALYTICS,,MULTIPLE_CHOICE,
PSL_DATA_USAGE_RESPONSES:PSL_ADDRESS:DATA_USAGE_SHARING_PURPOSE,PSL_DEVELOPER_COMMUNICATIONS,,MULTIPLE_CHOICE,
PSL_DATA_USAGE_RESPONSES:PSL_ADDRESS:DATA_USAGE_SHARING_PURPOSE,PSL_FRAUD_PREVENTION_SECURITY,,MULTIPLE_CHOICE,
PSL_DATA_USAGE_RESPONSES:PSL_ADDRESS:DATA_USAGE_SHARING_PURPOSE,PSL_ADVERTISING,,MULTIPLE_CHOICE,
PSL_DATA_USAGE_RESPONSES:PSL_ADDRESS:DATA_USAGE_SHARING_PURPOSE,PSL_PERSONALIZATION,,MULTIPLE_CHOICE,
PSL_DATA_USAGE_RESPONSES:PSL_ADDRESS:DATA_USAGE_SHARING_PURPOSE,PSL_ACCOUNT_MANAGEMENT,,MULTIPLE_CHOICE,
PSL_DATA_USAGE_RESPONSES:PSL_PHONE:PSL_DATA_USAGE_COLLECTION_AND_SHARING,PSL_DATA_USAGE_ONLY_COLLECTED,TRUE,MULTIPLE_CHOICE,
PSL_DATA_USAGE_RESPONSES:PSL_PHONE:PSL_DATA_USAGE_COLLECTION_AND_SHARING,PSL_DATA_USAGE_ONLY_SHARED,,MULTIPLE_CHOICE,
PSL_DATA_USAGE_RESPONSES:PSL_PHONE:PSL_DATA_USAGE_EPHEMERAL,,FALSE,MAYBE_REQUIRED,
PSL_DATA_USAGE_RESPONSES:PSL_PHONE:DATA_USAGE_USER_CONTROL,PSL_DATA_USAGE_USER_CONTROL_OPTIONAL,TRUE,SINGLE_CHOICE,
PSL_DATA_USAGE_RESPONSES:PSL_PHONE:DATA_USAGE_USER_CONTROL,PSL_DATA_USAGE_USER_CONTROL_REQUIRED,,SINGLE_CHOICE,
PSL_DATA_USAGE_RESPONSES:PSL_PHONE:DATA_USAGE_COLLECTION_PURPOSE,PSL_APP_FUNCTIONALITY,TRUE,MULTIPLE_CHOICE,
PSL_DATA_USAGE_RESPONSES:PSL_PHONE:DATA_USAGE_COLLECTION_PURPOSE,PSL_ANALYTICS,,MULTIPLE_CHOICE,
PSL_DATA_USAGE_RESPONSES:PSL_PHONE:DATA_USAGE_COLLECTION_PURPOSE,PSL_DEVELOPER_COMMUNICATIONS,,MULTIPLE_CHOICE,
PSL_DATA_USAGE_RESPONSES:PSL_PHONE:DATA_USAGE_COLLECTION_PURPOSE,PSL_FRAUD_PREVENTION_SECURITY,,MULTIPLE_CHOICE,
PSL_DATA_USAGE_RESPONSES:PSL_PHONE:DATA_USAGE_COLLECTION_PURPOSE,PSL_ADVERTISING,,MULTIPLE_CHOICE,
PSL_DATA_USAGE_RESPONSES:PSL_PHONE:DATA_USAGE_COLLECTION_PURPOSE,PSL_PERSONALIZATION,,MULTIPLE_CHOICE,
PSL_DATA_USAGE_RESPONSES:PSL_PHONE:DATA_USAGE_COLLECTION_PURPOSE,PSL_ACCOUNT_MANAGEMENT,,MULTIPLE_CHOICE,
PSL_DATA_USAGE_RESPONSES:PSL_PHONE:DATA_USAGE_SHARING_PURPOSE,PSL_APP_FUNCTIONALITY,,MULTIPLE_CHOICE,
PSL_DATA_USAGE_RESPONSES:PSL_PHONE:DATA_USAGE_SHARING_PURPOSE,PSL_ANALYTICS,,MULTIPLE_CHOICE,
PSL_DATA_USAGE_RESPONSES:PSL_PHONE:DATA_USAGE_SHARING_PURPOSE,PSL_DEVELOPER_COMMUNICATIONS,,MULTIPLE_CHOICE,
PSL_DATA_USAGE_RESPONSES:PSL_PHONE:DATA_USAGE_SHARING_PURPOSE,PSL_FRAUD_PREVENTION_SECURITY,,MULTIPLE_CHOICE,
PSL_DATA_USAGE_RESPONSES:PSL_PHONE:DATA_USAGE_SHARING_PURPOSE,PSL_ADVERTISING,,MULTIPLE_CHOICE,
PSL_DATA_USAGE_RESPONSES:PSL_PHONE:DATA_USAGE_SHARING_PURPOSE,PSL_PERSONALIZATION,,MULTIPLE_CHOICE,
PSL_DATA_USAGE_RESPONSES:PSL_PHONE:DATA_USAGE_SHARING_PURPOSE,PSL_ACCOUNT_MANAGEMENT,,MULTIPLE_CHOICE,
PSL_DATA_USAGE_RESPONSES:PSL_RACE_ETHNICITY:PSL_DATA_USAGE_COLLECTION_AND_SHARING,PSL_DATA_USAGE_ONLY_COLLECTED,,MULTIPLE_CHOICE,
PSL_DATA_USAGE_RESPONSES:PSL_RACE_ETHNICITY:PSL_DATA_USAGE_COLLECTION_AND_SHARING,PSL_DATA_USAGE_ONLY_SHARED,,MULTIPLE_CHOICE,
PSL_DATA_USAGE_RESPONSES:PSL_RACE_ETHNICITY:PSL_DATA_USAGE_EPHEMERAL,,,MAYBE_REQUIRED,
PSL_DATA_USAGE_RESPONSES:PSL_RACE_ETHNICITY:DATA_USAGE_USER_CONTROL,PSL_DATA_USAGE_USER_CONTROL_OPTIONAL,,SINGLE_CHOICE,
PSL_DATA_USAGE_RESPONSES:PSL_RACE_ETHNICITY:DATA_USAGE_USER_CONTROL,PSL_DATA_USAGE_USER_CONTROL_REQUIRED,,SINGLE_CHOICE,
PSL_DATA_USAGE_RESPONSES:PSL_RACE_ETHNICITY:DATA_USAGE_COLLECTION_PURPOSE,PSL_APP_FUNCTIONALITY,,MULTIPLE_CHOICE,
PSL_DATA_USAGE_RESPONSES:PSL_RACE_ETHNICITY:DATA_USAGE_COLLECTION_PURPOSE,PSL_ANALYTICS,,MULTIPLE_CHOICE,
PSL_DATA_USAGE_RESPONSES:PSL_RACE_ETHNICITY:DATA_USAGE_COLLECTION_PURPOSE,PSL_DEVELOPER_COMMUNICATIONS,,MULTIPLE_CHOICE,
PSL_DATA_USAGE_RESPONSES:PSL_RACE_ETHNICITY:DATA_USAGE_COLLECTION_PURPOSE,PSL_FRAUD_PREVENTION_SECURITY,,MULTIPLE_CHOICE,
PSL_DATA_USAGE_RESPONSES:PSL_RACE_ETHNICITY:DATA_USAGE_COLLECTION_PURPOSE,PSL_ADVERTISING,,MULTIPLE_CHOICE,
PSL_DATA_USAGE_RESPONSES:PSL_RACE_ETHNICITY:DATA_USAGE_COLLECTION_PURPOSE,PSL_PERSONALIZATION,,MULTIPLE_CHOICE,
PSL_DATA_USAGE_RESPONSES:PSL_RACE_ETHNICITY:DATA_USAGE_COLLECTION_PURPOSE,PSL_ACCOUNT_MANAGEMENT,,MULTIPLE_CHOICE,
PSL_DATA_USAGE_RESPONSES:PSL_RACE_ETHNICITY:DATA_USAGE_SHARING_PURPOSE,PSL_APP_FUNCTIONALITY,,MULTIPLE_CHOICE,
PSL_DATA_USAGE_RESPONSES:PSL_RACE_ETHNICITY:DATA_USAGE_SHARING_PURPOSE,PSL_ANALYTICS,,MULTIPLE_CHOICE,
PSL_DATA_USAGE_RESPONSES:PSL_RACE_ETHNICITY:DATA_USAGE_SHARING_PURPOSE,PSL_DEVELOPER_COMMUNICATIONS,,MULTIPLE_CHOICE,
PSL_DATA_USAGE_RESPONSES:PSL_RACE_ETHNICITY:DATA_USAGE_SHARING_PURPOSE,PSL_FRAUD_PREVENTION_SECURITY,,MULTIPLE_CHOICE,
PSL_DATA_USAGE_RESPONSES:PSL_RACE_ETHNICITY:DATA_USAGE_SHARING_PURPOSE,PSL_ADVERTISING,,MULTIPLE_CHOICE,
PSL_DATA_USAGE_RESPONSES:PSL_RACE_ETHNICITY:DATA_USAGE_SHARING_PURPOSE,PSL_PERSONALIZATION,,MULTIPLE_CHOICE,
PSL_DATA_USAGE_RESPONSES:PSL_RACE_ETHNICITY:DATA_USAGE_SHARING_PURPOSE,PSL_ACCOUNT_MANAGEMENT,,MULTIPLE_CHOICE,
PSL_DATA_USAGE_RESPONSES:PSL_POLITICAL_RELIGIOUS:PSL_DATA_USAGE_COLLECTION_AND_SHARING,PSL_DATA_USAGE_ONLY_COLLECTED,,MULTIPLE_CHOICE,
PSL_DATA_USAGE_RESPONSES:PSL_POLITICAL_RELIGIOUS:PSL_DATA_USAGE_COLLECTION_AND_SHARING,PSL_DATA_USAGE_ONLY_SHARED,,MULTIPLE_CHOICE,
PSL_DATA_USAGE_RESPONSES:PSL_POLITICAL_RELIGIOUS:PSL_DATA_USAGE_EPHEMERAL,,,MAYBE_REQUIRED,
PSL_DATA_USAGE_RESPONSES:PSL_POLITICAL_RELIGIOUS:DATA_USAGE_USER_CONTROL,PSL_DATA_USAGE_USER_CONTROL_OPTIONAL,,SINGLE_CHOICE,
PSL_DATA_USAGE_RESPONSES:PSL_POLITICAL_RELIGIOUS:DATA_USAGE_USER_CONTROL,PSL_DATA_USAGE_USER_CONTROL_REQUIRED,,SINGLE_CHOICE,
PSL_DATA_USAGE_RESPONSES:PSL_POLITICAL_RELIGIOUS:DATA_USAGE_COLLECTION_PURPOSE,PSL_APP_FUNCTIONALITY,,MULTIPLE_CHOICE,
PSL_DATA_USAGE_RESPONSES:PSL_POLITICAL_RELIGIOUS:DATA_USAGE_COLLECTION_PURPOSE,PSL_ANALYTICS,,MULTIPLE_CHOICE,
PSL_DATA_USAGE_RESPONSES:PSL_POLITICAL_RELIGIOUS:DATA_USAGE_COLLECTION_PURPOSE,PSL_DEVELOPER_COMMUNICATIONS,,MULTIPLE_CHOICE,
PSL_DATA_USAGE_RESPONSES:PSL_POLITICAL_RELIGIOUS:DATA_USAGE_COLLECTION_PURPOSE,PSL_FRAUD_PREVENTION_SECURITY,,MULTIPLE_CHOICE,
PSL_DATA_USAGE_RESPONSES:PSL_POLITICAL_RELIGIOUS:DATA_USAGE_COLLECTION_PURPOSE,PSL_ADVERTISING,,MULTIPLE_CHOICE,
PSL_DATA_USAGE_RESPONSES:PSL_POLITICAL_RELIGIOUS:DATA_USAGE_COLLECTION_PURPOSE,PSL_PERSONALIZATION,,MULTIPLE_CHOICE,
PSL_DATA_USAGE_RESPONSES:PSL_POLITICAL_RELIGIOUS:DATA_USAGE_COLLECTION_PURPOSE,PSL_ACCOUNT_MANAGEMENT,,MULTIPLE_CHOICE,
PSL_DATA_USAGE_RESPONSES:PSL_POLITICAL_RELIGIOUS:DATA_USAGE_SHARING_PURPOSE,PSL_APP_FUNCTIONALITY,,MULTIPLE_CHOICE,
PSL_DATA_USAGE_RESPONSES:PSL_POLITICAL_RELIGIOUS:DATA_USAGE_SHARING_PURPOSE,PSL_ANALYTICS,,MULTIPLE_CHOICE,
PSL_DATA_USAGE_RESPONSES:PSL_POLITICAL_RELIGIOUS:DATA_USAGE_SHARING_PURPOSE,PSL_DEVELOPER_COMMUNICATIONS,,MULTIPLE_CHOICE,
PSL_DATA_USAGE_RESPONSES:PSL_POLITICAL_RELIGIOUS:DATA_USAGE_SHARING_PURPOSE,PSL_FRAUD_PREVENTION_SECURITY,,MULTIPLE_CHOICE,
PSL_DATA_USAGE_RESPONSES:PSL_POLITICAL_RELIGIOUS:DATA_USAGE_SHARING_PURPOSE,PSL_ADVERTISING,,MULTIPLE_CHOICE,
PSL_DATA_USAGE_RESPONSES:PSL_POLITICAL_RELIGIOUS:DATA_USAGE_SHARING_PURPOSE,PSL_PERSONALIZATION,,MULTIPLE_CHOICE,
PSL_DATA_USAGE_RESPONSES:PSL_POLITICAL_RELIGIOUS:DATA_USAGE_SHARING_PURPOSE,PSL_ACCOUNT_MANAGEMENT,,MULTIPLE_CHOICE,
PSL_DATA_USAGE_RESPONSES:PSL_SEXUAL_ORIENTATION_GENDER_IDENTITY:PSL_DATA_USAGE_COLLECTION_AND_SHARING,PSL_DATA_USAGE_ONLY_COLLECTED,,MULTIPLE_CHOICE,
PSL_DATA_USAGE_RESPONSES:PSL_SEXUAL_ORIENTATION_GENDER_IDENTITY:PSL_DATA_USAGE_COLLECTION_AND_SHARING,PSL_DATA_USAGE_ONLY_SHARED,,MULTIPLE_CHOICE,
PSL_DATA_USAGE_RESPONSES:PSL_SEXUAL_ORIENTATION_GENDER_IDENTITY:PSL_DATA_USAGE_EPHEMERAL,,,MAYBE_REQUIRED,
PSL_DATA_USAGE_RESPONSES:PSL_SEXUAL_ORIENTATION_GENDER_IDENTITY:DATA_USAGE_USER_CONTROL,PSL_DATA_USAGE_USER_CONTROL_OPTIONAL,,SINGLE_CHOICE,
PSL_DATA_USAGE_RESPONSES:PSL_SEXUAL_ORIENTATION_GENDER_IDENTITY:DATA_USAGE_USER_CONTROL,PSL_DATA_USAGE_USER_CONTROL_REQUIRED,,SINGLE_CHOICE,
PSL_DATA_USAGE_RESPONSES:PSL_SEXUAL_ORIENTATION_GENDER_IDENTITY:DATA_USAGE_COLLECTION_PURPOSE,PSL_APP_FUNCTIONALITY,,MULTIPLE_CHOICE,
PSL_DATA_USAGE_RESPONSES:PSL_SEXUAL_ORIENTATION_GENDER_IDENTITY:DATA_USAGE_COLLECTION_PURPOSE,PSL_ANALYTICS,,MULTIPLE_CHOICE,
PSL_DATA_USAGE_RESPONSES:PSL_SEXUAL_ORIENTATION_GENDER_IDENTITY:DATA_USAGE_COLLECTION_PURPOSE,PSL_DEVELOPER_COMMUNICATIONS,,MULTIPLE_CHOICE,
PSL_DATA_USAGE_RESPONSES:PSL_SEXUAL_ORIENTATION_GENDER_IDENTITY:DATA_USAGE_COLLECTION_PURPOSE,PSL_FRAUD_PREVENTION_SECURITY,,MULTIPLE_CHOICE,
PSL_DATA_USAGE_RESPONSES:PSL_SEXUAL_ORIENTATION_GENDER_IDENTITY:DATA_USAGE_COLLECTION_PURPOSE,PSL_ADVERTISING,,MULTIPLE_CHOICE,
PSL_DATA_USAGE_RESPONSES:PSL_SEXUAL_ORIENTATION_GENDER_IDENTITY:DATA_USAGE_COLLECTION_PURPOSE,PSL_PERSONALIZATION,,MULTIPLE_CHOICE,
PSL_DATA_USAGE_RESPONSES:PSL_SEXUAL_ORIENTATION_GENDER_IDENTITY:DATA_USAGE_COLLECTION_PURPOSE,PSL_ACCOUNT_MANAGEMENT,,MULTIPLE_CHOICE,
PSL_DATA_USAGE_RESPONSES:PSL_SEXUAL_ORIENTATION_GENDER_IDENTITY:DATA_USAGE_SHARING_PURPOSE,PSL_APP_FUNCTIONALITY,,MULTIPLE_CHOICE,
PSL_DATA_USAGE_RESPONSES:PSL_SEXUAL_ORIENTATION_GENDER_IDENTITY:DATA_USAGE_SHARING_PURPOSE,PSL_ANALYTICS,,MULTIPLE_CHOICE,
PSL_DATA_USAGE_RESPONSES:PSL_SEXUAL_ORIENTATION_GENDER_IDENTITY:DATA_USAGE_SHARING_PURPOSE,PSL_DEVELOPER_COMMUNICATIONS,,MULTIPLE_CHOICE,
PSL_DATA_USAGE_RESPONSES:PSL_SEXUAL_ORIENTATION_GENDER_IDENTITY:DATA_USAGE_SHARING_PURPOSE,PSL_FRAUD_PREVENTION_SECURITY,,MULTIPLE_CHOICE,
PSL_DATA_USAGE_RESPONSES:PSL_SEXUAL_ORIENTATION_GENDER_IDENTITY:DATA_USAGE_SHARING_PURPOSE,PSL_ADVERTISING,,MULTIPLE_CHOICE,
PSL_DATA_USAGE_RESPONSES:PSL_SEXUAL_ORIENTATION_GENDER_IDENTITY:DATA_USAGE_SHARING_PURPOSE,PSL_PERSONALIZATION,,MULTIPLE_CHOICE,
PSL_DATA_USAGE_RESPONSES:PSL_SEXUAL_ORIENTATION_GENDER_IDENTITY:DATA_USAGE_SHARING_PURPOSE,PSL_ACCOUNT_MANAGEMENT,,MULTIPLE_CHOICE,
PSL_DATA_USAGE_RESPONSES:PSL_OTHER_PERSONAL:PSL_DATA_USAGE_COLLECTION_AND_SHARING,PSL_DATA_USAGE_ONLY_COLLECTED,,MULTIPLE_CHOICE,
PSL_DATA_USAGE_RESPONSES:PSL_OTHER_PERSONAL:PSL_DATA_USAGE_COLLECTION_AND_SHARING,PSL_DATA_USAGE_ONLY_SHARED,,MULTIPLE_CHOICE,
PSL_DATA_USAGE_RESPONSES:PSL_OTHER_PERSONAL:PSL_DATA_USAGE_EPHEMERAL,,,MAYBE_REQUIRED,
PSL_DATA_USAGE_RESPONSES:PSL_OTHER_PERSONAL:DATA_USAGE_USER_CONTROL,PSL_DATA_USAGE_USER_CONTROL_OPTIONAL,,SINGLE_CHOICE,
PSL_DATA_USAGE_RESPONSES:PSL_OTHER_PERSONAL:DATA_USAGE_USER_CONTROL,PSL_DATA_USAGE_USER_CONTROL_REQUIRED,,SINGLE_CHOICE,
PSL_DATA_USAGE_RESPONSES:PSL_OTHER_PERSONAL:DATA_USAGE_COLLECTION_PURPOSE,PSL_APP_FUNCTIONALITY,,MULTIPLE_CHOICE,
PSL_DATA_USAGE_RESPONSES:PSL_OTHER_PERSONAL:DATA_USAGE_COLLECTION_PURPOSE,PSL_ANALYTICS,,MULTIPLE_CHOICE,
PSL_DATA_USAGE_RESPONSES:PSL_OTHER_PERSONAL:DATA_USAGE_COLLECTION_PURPOSE,PSL_DEVELOPER_COMMUNICATIONS,,MULTIPLE_CHOICE,
PSL_DATA_USAGE_RESPONSES:PSL_OTHER_PERSONAL:DATA_USAGE_COLLECTION_PURPOSE,PSL_FRAUD_PREVENTION_SECURITY,,MULTIPLE_CHOICE,
PSL_DATA_USAGE_RESPONSES:PSL_OTHER_PERSONAL:DATA_USAGE_COLLECTION_PURPOSE,PSL_ADVERTISING,,MULTIPLE_CHOICE,
PSL_DATA_USAGE_RESPONSES:PSL_OTHER_PERSONAL:DATA_USAGE_COLLECTION_PURPOSE,PSL_PERSONALIZATION,,MULTIPLE_CHOICE,
PSL_DATA_USAGE_RESPONSES:PSL_OTHER_PERSONAL:DATA_USAGE_COLLECTION_PURPOSE,PSL_ACCOUNT_MANAGEMENT,,MULTIPLE_CHOICE,
PSL_DATA_USAGE_RESPONSES:PSL_OTHER_PERSONAL:DATA_USAGE_SHARING_PURPOSE,PSL_APP_FUNCTIONALITY,,MULTIPLE_CHOICE,
PSL_DATA_USAGE_RESPONSES:PSL_OTHER_PERSONAL:DATA_USAGE_SHARING_PURPOSE,PSL_ANALYTICS,,MULTIPLE_CHOICE,
PSL_DATA_USAGE_RESPONSES:PSL_OTHER_PERSONAL:DATA_USAGE_SHARING_PURPOSE,PSL_DEVELOPER_COMMUNICATIONS,,MULTIPLE_CHOICE,
PSL_DATA_USAGE_RESPONSES:PSL_OTHER_PERSONAL:DATA_USAGE_SHARING_PURPOSE,PSL_FRAUD_PREVENTION_SECURITY,,MULTIPLE_CHOICE,
PSL_DATA_USAGE_RESPONSES:PSL_OTHER_PERSONAL:DATA_USAGE_SHARING_PURPOSE,PSL_ADVERTISING,,MULTIPLE_CHOICE,
PSL_DATA_USAGE_RESPONSES:PSL_OTHER_PERSONAL:DATA_USAGE_SHARING_PURPOSE,PSL_PERSONALIZATION,,MULTIPLE_CHOICE,
PSL_DATA_USAGE_RESPONSES:PSL_OTHER_PERSONAL:DATA_USAGE_SHARING_PURPOSE,PSL_ACCOUNT_MANAGEMENT,,MULTIPLE_CHOICE,
PSL_DATA_USAGE_RESPONSES:PSL_PURCHASE_HISTORY:PSL_DATA_USAGE_COLLECTION_AND_SHARING,PSL_DATA_USAGE_ONLY_COLLECTED,TRUE,MULTIPLE_CHOICE,
PSL_DATA_USAGE_RESPONSES:PSL_PURCHASE_HISTORY:PSL_DATA_USAGE_COLLECTION_AND_SHARING,PSL_DATA_USAGE_ONLY_SHARED,,MULTIPLE_CHOICE,
PSL_DATA_USAGE_RESPONSES:PSL_PURCHASE_HISTORY:PSL_DATA_USAGE_EPHEMERAL,,FALSE,MAYBE_REQUIRED,
PSL_DATA_USAGE_RESPONSES:PSL_PURCHASE_HISTORY:DATA_USAGE_USER_CONTROL,PSL_DATA_USAGE_USER_CONTROL_OPTIONAL,TRUE,SINGLE_CHOICE,
PSL_DATA_USAGE_RESPONSES:PSL_PURCHASE_HISTORY:DATA_USAGE_USER_CONTROL,PSL_DATA_USAGE_USER_CONTROL_REQUIRED,,SINGLE_CHOICE,
PSL_DATA_USAGE_RESPONSES:PSL_PURCHASE_HISTORY:DATA_USAGE_COLLECTION_PURPOSE,PSL_APP_FUNCTIONALITY,TRUE,MULTIPLE_CHOICE,
PSL_DATA_USAGE_RESPONSES:PSL_PURCHASE_HISTORY:DATA_USAGE_COLLECTION_PURPOSE,PSL_ANALYTICS,,MULTIPLE_CHOICE,
PSL_DATA_USAGE_RESPONSES:PSL_PURCHASE_HISTORY:DATA_USAGE_COLLECTION_PURPOSE,PSL_DEVELOPER_COMMUNICATIONS,,MULTIPLE_CHOICE,
PSL_DATA_USAGE_RESPONSES:PSL_PURCHASE_HISTORY:DATA_USAGE_COLLECTION_PURPOSE,PSL_FRAUD_PREVENTION_SECURITY,,MULTIPLE_CHOICE,
PSL_DATA_USAGE_RESPONSES:PSL_PURCHASE_HISTORY:DATA_USAGE_COLLECTION_PURPOSE,PSL_ADVERTISING,,MULTIPLE_CHOICE,
PSL_DATA_USAGE_RESPONSES:PSL_PURCHASE_HISTORY:DATA_USAGE_COLLECTION_PURPOSE,PSL_PERSONALIZATION,,MULTIPLE_CHOICE,
PSL_DATA_USAGE_RESPONSES:PSL_PURCHASE_HISTORY:DATA_USAGE_COLLECTION_PURPOSE,PSL_ACCOUNT_MANAGEMENT,,MULTIPLE_CHOICE,
PSL_DATA_USAGE_RESPONSES:PSL_PURCHASE_HISTORY:DATA_USAGE_SHARING_PURPOSE,PSL_APP_FUNCTIONALITY,,MULTIPLE_CHOICE,
PSL_DATA_USAGE_RESPONSES:PSL_PURCHASE_HISTORY:DATA_USAGE_SHARING_PURPOSE,PSL_ANALYTICS,,MULTIPLE_CHOICE,
PSL_DATA_USAGE_RESPONSES:PSL_PURCHASE_HISTORY:DATA_USAGE_SHARING_PURPOSE,PSL_DEVELOPER_COMMUNICATIONS,,MULTIPLE_CHOICE,
PSL_DATA_USAGE_RESPONSES:PSL_PURCHASE_HISTORY:DATA_USAGE_SHARING_PURPOSE,PSL_FRAUD_PREVENTION_SECURITY,,MULTIPLE_CHOICE,
PSL_DATA_USAGE_RESPONSES:PSL_PURCHASE_HISTORY:DATA_USAGE_SHARING_PURPOSE,PSL_ADVERTISING,,MULTIPLE_CHOICE,
PSL_DATA_USAGE_RESPONSES:PSL_PURCHASE_HISTORY:DATA_USAGE_SHARING_PURPOSE,PSL_PERSONALIZATION,,MULTIPLE_CHOICE,
PSL_DATA_USAGE_RESPONSES:PSL_PURCHASE_HISTORY:DATA_USAGE_SHARING_PURPOSE,PSL_ACCOUNT_MANAGEMENT,,MULTIPLE_CHOICE,
PSL_DATA_USAGE_RESPONSES:PSL_CREDIT_SCORE:PSL_DATA_USAGE_COLLECTION_AND_SHARING,PSL_DATA_USAGE_ONLY_COLLECTED,,MULTIPLE_CHOICE,
PSL_DATA_USAGE_RESPONSES:PSL_CREDIT_SCORE:PSL_DATA_USAGE_COLLECTION_AND_SHARING,PSL_DATA_USAGE_ONLY_SHARED,,MULTIPLE_CHOICE,
PSL_DATA_USAGE_RESPONSES:PSL_CREDIT_SCORE:PSL_DATA_USAGE_EPHEMERAL,,,MAYBE_REQUIRED,
PSL_DATA_USAGE_RESPONSES:PSL_CREDIT_SCORE:DATA_USAGE_USER_CONTROL,PSL_DATA_USAGE_USER_CONTROL_OPTIONAL,,SINGLE_CHOICE,
PSL_DATA_USAGE_RESPONSES:PSL_CREDIT_SCORE:DATA_USAGE_USER_CONTROL,PSL_DATA_USAGE_USER_CONTROL_REQUIRED,,SINGLE_CHOICE,
PSL_DATA_USAGE_RESPONSES:PSL_CREDIT_SCORE:DATA_USAGE_COLLECTION_PURPOSE,PSL_APP_FUNCTIONALITY,,MULTIPLE_CHOICE,
PSL_DATA_USAGE_RESPONSES:PSL_CREDIT_SCORE:DATA_USAGE_COLLECTION_PURPOSE,PSL_ANALYTICS,,MULTIPLE_CHOICE,
PSL_DATA_USAGE_RESPONSES:PSL_CREDIT_SCORE:DATA_USAGE_COLLECTION_PURPOSE,PSL_DEVELOPER_COMMUNICATIONS,,MULTIPLE_CHOICE,
PSL_DATA_USAGE_RESPONSES:PSL_CREDIT_SCORE:DATA_USAGE_COLLECTION_PURPOSE,PSL_FRAUD_PREVENTION_SECURITY,,MULTIPLE_CHOICE,
PSL_DATA_USAGE_RESPONSES:PSL_CREDIT_SCORE:DATA_USAGE_COLLECTION_PURPOSE,PSL_ADVERTISING,,MULTIPLE_CHOICE,
PSL_DATA_USAGE_RESPONSES:PSL_CREDIT_SCORE:DATA_USAGE_COLLECTION_PURPOSE,PSL_PERSONALIZATION,,MULTIPLE_CHOICE,
PSL_DATA_USAGE_RESPONSES:PSL_CREDIT_SCORE:DATA_USAGE_COLLECTION_PURPOSE,PSL_ACCOUNT_MANAGEMENT,,MULTIPLE_CHOICE,
PSL_DATA_USAGE_RESPONSES:PSL_CREDIT_SCORE:DATA_USAGE_SHARING_PURPOSE,PSL_APP_FUNCTIONALITY,,MULTIPLE_CHOICE,
PSL_DATA_USAGE_RESPONSES:PSL_CREDIT_SCORE:DATA_USAGE_SHARING_PURPOSE,PSL_ANALYTICS,,MULTIPLE_CHOICE,
PSL_DATA_USAGE_RESPONSES:PSL_CREDIT_SCORE:DATA_USAGE_SHARING_PURPOSE,PSL_DEVELOPER_COMMUNICATIONS,,MULTIPLE_CHOICE,
PSL_DATA_USAGE_RESPONSES:PSL_CREDIT_SCORE:DATA_USAGE_SHARING_PURPOSE,PSL_FRAUD_PREVENTION_SECURITY,,MULTIPLE_CHOICE,
PSL_DATA_USAGE_RESPONSES:PSL_CREDIT_SCORE:DATA_USAGE_SHARING_PURPOSE,PSL_ADVERTISING,,MULTIPLE_CHOICE,
PSL_DATA_USAGE_RESPONSES:PSL_CREDIT_SCORE:DATA_USAGE_SHARING_PURPOSE,PSL_PERSONALIZATION,,MULTIPLE_CHOICE,
PSL_DATA_USAGE_RESPONSES:PSL_CREDIT_SCORE:DATA_USAGE_SHARING_PURPOSE,PSL_ACCOUNT_MANAGEMENT,,MULTIPLE_CHOICE,
PSL_DATA_USAGE_RESPONSES:PSL_CREDIT_DEBIT_BANK_ACCOUNT_NUMBER:PSL_DATA_USAGE_COLLECTION_AND_SHARING,PSL_DATA_USAGE_ONLY_COLLECTED,,MULTIPLE_CHOICE,
PSL_DATA_USAGE_RESPONSES:PSL_CREDIT_DEBIT_BANK_ACCOUNT_NUMBER:PSL_DATA_USAGE_COLLECTION_AND_SHARING,PSL_DATA_USAGE_ONLY_SHARED,,MULTIPLE_CHOICE,
PSL_DATA_USAGE_RESPONSES:PSL_CREDIT_DEBIT_BANK_ACCOUNT_NUMBER:PSL_DATA_USAGE_EPHEMERAL,,,MAYBE_REQUIRED,
PSL_DATA_USAGE_RESPONSES:PSL_CREDIT_DEBIT_BANK_ACCOUNT_NUMBER:DATA_USAGE_USER_CONTROL,PSL_DATA_USAGE_USER_CONTROL_OPTIONAL,,SINGLE_CHOICE,
PSL_DATA_USAGE_RESPONSES:PSL_CREDIT_DEBIT_BANK_ACCOUNT_NUMBER:DATA_USAGE_USER_CONTROL,PSL_DATA_USAGE_USER_CONTROL_REQUIRED,,SINGLE_CHOICE,
PSL_DATA_USAGE_RESPONSES:PSL_CREDIT_DEBIT_BANK_ACCOUNT_NUMBER:DATA_USAGE_COLLECTION_PURPOSE,PSL_APP_FUNCTIONALITY,,MULTIPLE_CHOICE,
PSL_DATA_USAGE_RESPONSES:PSL_CREDIT_DEBIT_BANK_ACCOUNT_NUMBER:DATA_USAGE_COLLECTION_PURPOSE,PSL_ANALYTICS,,MULTIPLE_CHOICE,
PSL_DATA_USAGE_RESPONSES:PSL_CREDIT_DEBIT_BANK_ACCOUNT_NUMBER:DATA_USAGE_COLLECTION_PURPOSE,PSL_DEVELOPER_COMMUNICATIONS,,MULTIPLE_CHOICE,
PSL_DATA_USAGE_RESPONSES:PSL_CREDIT_DEBIT_BANK_ACCOUNT_NUMBER:DATA_USAGE_COLLECTION_PURPOSE,PSL_FRAUD_PREVENTION_SECURITY,,MULTIPLE_CHOICE,
PSL_DATA_USAGE_RESPONSES:PSL_CREDIT_DEBIT_BANK_ACCOUNT_NUMBER:DATA_USAGE_COLLECTION_PURPOSE,PSL_ADVERTISING,,MULTIPLE_CHOICE,
PSL_DATA_USAGE_RESPONSES:PSL_CREDIT_DEBIT_BANK_ACCOUNT_NUMBER:DATA_USAGE_COLLECTION_PURPOSE,PSL_PERSONALIZATION,,MULTIPLE_CHOICE,
PSL_DATA_USAGE_RESPONSES:PSL_CREDIT_DEBIT_BANK_ACCOUNT_NUMBER:DATA_USAGE_COLLECTION_PURPOSE,PSL_ACCOUNT_MANAGEMENT,,MULTIPLE_CHOICE,
PSL_DATA_USAGE_RESPONSES:PSL_CREDIT_DEBIT_BANK_ACCOUNT_NUMBER:DATA_USAGE_SHARING_PURPOSE,PSL_APP_FUNCTIONALITY,,MULTIPLE_CHOICE,
PSL_DATA_USAGE_RESPONSES:PSL_CREDIT_DEBIT_BANK_ACCOUNT_NUMBER:DATA_USAGE_SHARING_PURPOSE,PSL_ANALYTICS,,MULTIPLE_CHOICE,
PSL_DATA_USAGE_RESPONSES:PSL_CREDIT_DEBIT_BANK_ACCOUNT_NUMBER:DATA_USAGE_SHARING_PURPOSE,PSL_DEVELOPER_COMMUNICATIONS,,MULTIPLE_CHOICE,
PSL_DATA_USAGE_RESPONSES:PSL_CREDIT_DEBIT_BANK_ACCOUNT_NUMBER:DATA_USAGE_SHARING_PURPOSE,PSL_FRAUD_PREVENTION_SECURITY,,MULTIPLE_CHOICE,
PSL_DATA_USAGE_RESPONSES:PSL_CREDIT_DEBIT_BANK_ACCOUNT_NUMBER:DATA_USAGE_SHARING_PURPOSE,PSL_ADVERTISING,,MULTIPLE_CHOICE,
PSL_DATA_USAGE_RESPONSES:PSL_CREDIT_DEBIT_BANK_ACCOUNT_NUMBER:DATA_USAGE_SHARING_PURPOSE,PSL_PERSONALIZATION,,MULTIPLE_CHOICE,
PSL_DATA_USAGE_RESPONSES:PSL_CREDIT_DEBIT_BANK_ACCOUNT_NUMBER:DATA_USAGE_SHARING_PURPOSE,PSL_ACCOUNT_MANAGEMENT,,MULTIPLE_CHOICE,
PSL_DATA_USAGE_RESPONSES:PSL_OTHER:PSL_DATA_USAGE_COLLECTION_AND_SHARING,PSL_DATA_USAGE_ONLY_COLLECTED,,MULTIPLE_CHOICE,
PSL_DATA_USAGE_RESPONSES:PSL_OTHER:PSL_DATA_USAGE_COLLECTION_AND_SHARING,PSL_DATA_USAGE_ONLY_SHARED,,MULTIPLE_CHOICE,
PSL_DATA_USAGE_RESPONSES:PSL_OTHER:PSL_DATA_USAGE_EPHEMERAL,,,MAYBE_REQUIRED,
PSL_DATA_USAGE_RESPONSES:PSL_OTHER:DATA_USAGE_USER_CONTROL,PSL_DATA_USAGE_USER_CONTROL_OPTIONAL,,SINGLE_CHOICE,
PSL_DATA_USAGE_RESPONSES:PSL_OTHER:DATA_USAGE_USER_CONTROL,PSL_DATA_USAGE_USER_CONTROL_REQUIRED,,SINGLE_CHOICE,
PSL_DATA_USAGE_RESPONSES:PSL_OTHER:DATA_USAGE_COLLECTION_PURPOSE,PSL_APP_FUNCTIONALITY,,MULTIPLE_CHOICE,
PSL_DATA_USAGE_RESPONSES:PSL_OTHER:DATA_USAGE_COLLECTION_PURPOSE,PSL_ANALYTICS,,MULTIPLE_CHOICE,
PSL_DATA_USAGE_RESPONSES:PSL_OTHER:DATA_USAGE_COLLECTION_PURPOSE,PSL_DEVELOPER_COMMUNICATIONS,,MULTIPLE_CHOICE,
PSL_DATA_USAGE_RESPONSES:PSL_OTHER:DATA_USAGE_COLLECTION_PURPOSE,PSL_FRAUD_PREVENTION_SECURITY,,MULTIPLE_CHOICE,
PSL_DATA_USAGE_RESPONSES:PSL_OTHER:DATA_USAGE_COLLECTION_PURPOSE,PSL_ADVERTISING,,MULTIPLE_CHOICE,
PSL_DATA_USAGE_RESPONSES:PSL_OTHER:DATA_USAGE_COLLECTION_PURPOSE,PSL_PERSONALIZATION,,MULTIPLE_CHOICE,
PSL_DATA_USAGE_RESPONSES:PSL_OTHER:DATA_USAGE_COLLECTION_PURPOSE,PSL_ACCOUNT_MANAGEMENT,,MULTIPLE_CHOICE,
PSL_DATA_USAGE_RESPONSES:PSL_OTHER:DATA_USAGE_SHARING_PURPOSE,PSL_APP_FUNCTIONALITY,,MULTIPLE_CHOICE,
PSL_DATA_USAGE_RESPONSES:PSL_OTHER:DATA_USAGE_SHARING_PURPOSE,PSL_ANALYTICS,,MULTIPLE_CHOICE,
PSL_DATA_USAGE_RESPONSES:PSL_OTHER:DATA_USAGE_SHARING_PURPOSE,PSL_DEVELOPER_COMMUNICATIONS,,MULTIPLE_CHOICE,
PSL_DATA_USAGE_RESPONSES:PSL_OTHER:DATA_USAGE_SHARING_PURPOSE,PSL_FRAUD_PREVENTION_SECURITY,,MULTIPLE_CHOICE,
PSL_DATA_USAGE_RESPONSES:PSL_OTHER:DATA_USAGE_SHARING_PURPOSE,PSL_ADVERTISING,,MULTIPLE_CHOICE,
PSL_DATA_USAGE_RESPONSES:PSL_OTHER:DATA_USAGE_SHARING_PURPOSE,PSL_PERSONALIZATION,,MULTIPLE_CHOICE,
PSL_DATA_USAGE_RESPONSES:PSL_OTHER:DATA_USAGE_SHARING_PURPOSE,PSL_ACCOUNT_MANAGEMENT,,MULTIPLE_CHOICE,
PSL_DATA_USAGE_RESPONSES:PSL_APPROX_LOCATION:PSL_DATA_USAGE_COLLECTION_AND_SHARING,PSL_DATA_USAGE_ONLY_COLLECTED,,MULTIPLE_CHOICE,
PSL_DATA_USAGE_RESPONSES:PSL_APPROX_LOCATION:PSL_DATA_USAGE_COLLECTION_AND_SHARING,PSL_DATA_USAGE_ONLY_SHARED,,MULTIPLE_CHOICE,
PSL_DATA_USAGE_RESPONSES:PSL_APPROX_LOCATION:PSL_DATA_USAGE_EPHEMERAL,,,MAYBE_REQUIRED,
PSL_DATA_USAGE_RESPONSES:PSL_APPROX_LOCATION:DATA_USAGE_USER_CONTROL,PSL_DATA_USAGE_USER_CONTROL_OPTIONAL,,SINGLE_CHOICE,
PSL_DATA_USAGE_RESPONSES:PSL_APPROX_LOCATION:DATA_USAGE_USER_CONTROL,PSL_DATA_USAGE_USER_CONTROL_REQUIRED,,SINGLE_CHOICE,
PSL_DATA_USAGE_RESPONSES:PSL_APPROX_LOCATION:DATA_USAGE_COLLECTION_PURPOSE,PSL_APP_FUNCTIONALITY,,MULTIPLE_CHOICE,
PSL_DATA_USAGE_RESPONSES:PSL_APPROX_LOCATION:DATA_USAGE_COLLECTION_PURPOSE,PSL_ANALYTICS,,MULTIPLE_CHOICE,
PSL_DATA_USAGE_RESPONSES:PSL_APPROX_LOCATION:DATA_USAGE_COLLECTION_PURPOSE,PSL_DEVELOPER_COMMUNICATIONS,,MULTIPLE_CHOICE,
PSL_DATA_USAGE_RESPONSES:PSL_APPROX_LOCATION:DATA_USAGE_COLLECTION_PURPOSE,PSL_FRAUD_PREVENTION_SECURITY,,MULTIPLE_CHOICE,
PSL_DATA_USAGE_RESPONSES:PSL_APPROX_LOCATION:DATA_USAGE_COLLECTION_PURPOSE,PSL_ADVERTISING,,MULTIPLE_CHOICE,
PSL_DATA_USAGE_RESPONSES:PSL_APPROX_LOCATION:DATA_USAGE_COLLECTION_PURPOSE,PSL_PERSONALIZATION,,MULTIPLE_CHOICE,
PSL_DATA_USAGE_RESPONSES:PSL_APPROX_LOCATION:DATA_USAGE_COLLECTION_PURPOSE,PSL_ACCOUNT_MANAGEMENT,,MULTIPLE_CHOICE,
PSL_DATA_USAGE_RESPONSES:PSL_APPROX_LOCATION:DATA_USAGE_SHARING_PURPOSE,PSL_APP_FUNCTIONALITY,,MULTIPLE_CHOICE,
PSL_DATA_USAGE_RESPONSES:PSL_APPROX_LOCATION:DATA_USAGE_SHARING_PURPOSE,PSL_ANALYTICS,,MULTIPLE_CHOICE,
PSL_DATA_USAGE_RESPONSES:PSL_APPROX_LOCATION:DATA_USAGE_SHARING_PURPOSE,PSL_DEVELOPER_COMMUNICATIONS,,MULTIPLE_CHOICE,
PSL_DATA_USAGE_RESPONSES:PSL_APPROX_LOCATION:DATA_USAGE_SHARING_PURPOSE,PSL_FRAUD_PREVENTION_SECURITY,,MULTIPLE_CHOICE,
PSL_DATA_USAGE_RESPONSES:PSL_APPROX_LOCATION:DATA_USAGE_SHARING_PURPOSE,PSL_ADVERTISING,,MULTIPLE_CHOICE,
PSL_DATA_USAGE_RESPONSES:PSL_APPROX_LOCATION:DATA_USAGE_SHARING_PURPOSE,PSL_PERSONALIZATION,,MULTIPLE_CHOICE,
PSL_DATA_USAGE_RESPONSES:PSL_APPROX_LOCATION:DATA_USAGE_SHARING_PURPOSE,PSL_ACCOUNT_MANAGEMENT,,MULTIPLE_CHOICE,
PSL_DATA_USAGE_RESPONSES:PSL_PRECISE_LOCATION:PSL_DATA_USAGE_COLLECTION_AND_SHARING,PSL_DATA_USAGE_ONLY_COLLECTED,,MULTIPLE_CHOICE,
PSL_DATA_USAGE_RESPONSES:PSL_PRECISE_LOCATION:PSL_DATA_USAGE_COLLECTION_AND_SHARING,PSL_DATA_USAGE_ONLY_SHARED,,MULTIPLE_CHOICE,
PSL_DATA_USAGE_RESPONSES:PSL_PRECISE_LOCATION:PSL_DATA_USAGE_EPHEMERAL,,,MAYBE_REQUIRED,
PSL_DATA_USAGE_RESPONSES:PSL_PRECISE_LOCATION:DATA_USAGE_USER_CONTROL,PSL_DATA_USAGE_USER_CONTROL_OPTIONAL,,SINGLE_CHOICE,
PSL_DATA_USAGE_RESPONSES:PSL_PRECISE_LOCATION:DATA_USAGE_USER_CONTROL,PSL_DATA_USAGE_USER_CONTROL_REQUIRED,,SINGLE_CHOICE,
PSL_DATA_USAGE_RESPONSES:PSL_PRECISE_LOCATION:DATA_USAGE_COLLECTION_PURPOSE,PSL_APP_FUNCTIONALITY,,MULTIPLE_CHOICE,
PSL_DATA_USAGE_RESPONSES:PSL_PRECISE_LOCATION:DATA_USAGE_COLLECTION_PURPOSE,PSL_ANALYTICS,,MULTIPLE_CHOICE,
PSL_DATA_USAGE_RESPONSES:PSL_PRECISE_LOCATION:DATA_USAGE_COLLECTION_PURPOSE,PSL_DEVELOPER_COMMUNICATIONS,,MULTIPLE_CHOICE,
PSL_DATA_USAGE_RESPONSES:PSL_PRECISE_LOCATION:DATA_USAGE_COLLECTION_PURPOSE,PSL_FRAUD_PREVENTION_SECURITY,,MULTIPLE_CHOICE,
PSL_DATA_USAGE_RESPONSES:PSL_PRECISE_LOCATION:DATA_USAGE_COLLECTION_PURPOSE,PSL_ADVERTISING,,MULTIPLE_CHOICE,
PSL_DATA_USAGE_RESPONSES:PSL_PRECISE_LOCATION:DATA_USAGE_COLLECTION_PURPOSE,PSL_PERSONALIZATION,,MULTIPLE_CHOICE,
PSL_DATA_USAGE_RESPONSES:PSL_PRECISE_LOCATION:DATA_USAGE_COLLECTION_PURPOSE,PSL_ACCOUNT_MANAGEMENT,,MULTIPLE_CHOICE,
PSL_DATA_USAGE_RESPONSES:PSL_PRECISE_LOCATION:DATA_USAGE_SHARING_PURPOSE,PSL_APP_FUNCTIONALITY,,MULTIPLE_CHOICE,
PSL_DATA_USAGE_RESPONSES:PSL_PRECISE_LOCATION:DATA_USAGE_SHARING_PURPOSE,PSL_ANALYTICS,,MULTIPLE_CHOICE,
PSL_DATA_USAGE_RESPONSES:PSL_PRECISE_LOCATION:DATA_USAGE_SHARING_PURPOSE,PSL_DEVELOPER_COMMUNICATIONS,,MULTIPLE_CHOICE,
PSL_DATA_USAGE_RESPONSES:PSL_PRECISE_LOCATION:DATA_USAGE_SHARING_PURPOSE,PSL_FRAUD_PREVENTION_SECURITY,,MULTIPLE_CHOICE,
PSL_DATA_USAGE_RESPONSES:PSL_PRECISE_LOCATION:DATA_USAGE_SHARING_PURPOSE,PSL_ADVERTISING,,MULTIPLE_CHOICE,
PSL_DATA_USAGE_RESPONSES:PSL_PRECISE_LOCATION:DATA_USAGE_SHARING_PURPOSE,PSL_PERSONALIZATION,,MULTIPLE_CHOICE,
PSL_DATA_USAGE_RESPONSES:PSL_PRECISE_LOCATION:DATA_USAGE_SHARING_PURPOSE,PSL_ACCOUNT_MANAGEMENT,,MULTIPLE_CHOICE,
PSL_DATA_USAGE_RESPONSES:PSL_WEB_BROWSING_HISTORY:PSL_DATA_USAGE_COLLECTION_AND_SHARING,PSL_DATA_USAGE_ONLY_COLLECTED,,MULTIPLE_CHOICE,
PSL_DATA_USAGE_RESPONSES:PSL_WEB_BROWSING_HISTORY:PSL_DATA_USAGE_COLLECTION_AND_SHARING,PSL_DATA_USAGE_ONLY_SHARED,,MULTIPLE_CHOICE,
PSL_DATA_USAGE_RESPONSES:PSL_WEB_BROWSING_HISTORY:PSL_DATA_USAGE_EPHEMERAL,,,MAYBE_REQUIRED,
PSL_DATA_USAGE_RESPONSES:PSL_WEB_BROWSING_HISTORY:DATA_USAGE_USER_CONTROL,PSL_DATA_USAGE_USER_CONTROL_OPTIONAL,,SINGLE_CHOICE,
PSL_DATA_USAGE_RESPONSES:PSL_WEB_BROWSING_HISTORY:DATA_USAGE_USER_CONTROL,PSL_DATA_USAGE_USER_CONTROL_REQUIRED,,SINGLE_CHOICE,
PSL_DATA_USAGE_RESPONSES:PSL_WEB_BROWSING_HISTORY:DATA_USAGE_COLLECTION_PURPOSE,PSL_APP_FUNCTIONALITY,,MULTIPLE_CHOICE,
PSL_DATA_USAGE_RESPONSES:PSL_WEB_BROWSING_HISTORY:DATA_USAGE_COLLECTION_PURPOSE,PSL_ANALYTICS,,MULTIPLE_CHOICE,
PSL_DATA_USAGE_RESPONSES:PSL_WEB_BROWSING_HISTORY:DATA_USAGE_COLLECTION_PURPOSE,PSL_DEVELOPER_COMMUNICATIONS,,MULTIPLE_CHOICE,
PSL_DATA_USAGE_RESPONSES:PSL_WEB_BROWSING_HISTORY:DATA_USAGE_COLLECTION_PURPOSE,PSL_FRAUD_PREVENTION_SECURITY,,MULTIPLE_CHOICE,
PSL_DATA_USAGE_RESPONSES:PSL_WEB_BROWSING_HISTORY:DATA_USAGE_COLLECTION_PURPOSE,PSL_ADVERTISING,,MULTIPLE_CHOICE,
PSL_DATA_USAGE_RESPONSES:PSL_WEB_BROWSING_HISTORY:DATA_USAGE_COLLECTION_PURPOSE,PSL_PERSONALIZATION,,MULTIPLE_CHOICE,
PSL_DATA_USAGE_RESPONSES:PSL_WEB_BROWSING_HISTORY:DATA_USAGE_COLLECTION_PURPOSE,PSL_ACCOUNT_MANAGEMENT,,MULTIPLE_CHOICE,
PSL_DATA_USAGE_RESPONSES:PSL_WEB_BROWSING_HISTORY:DATA_USAGE_SHARING_PURPOSE,PSL_APP_FUNCTIONALITY,,MULTIPLE_CHOICE,
PSL_DATA_USAGE_RESPONSES:PSL_WEB_BROWSING_HISTORY:DATA_USAGE_SHARING_PURPOSE,PSL_ANALYTICS,,MULTIPLE_CHOICE,
PSL_DATA_USAGE_RESPONSES:PSL_WEB_BROWSING_HISTORY:DATA_USAGE_SHARING_PURPOSE,PSL_DEVELOPER_COMMUNICATIONS,,MULTIPLE_CHOICE,
PSL_DATA_USAGE_RESPONSES:PSL_WEB_BROWSING_HISTORY:DATA_USAGE_SHARING_PURPOSE,PSL_FRAUD_PREVENTION_SECURITY,,MULTIPLE_CHOICE,
PSL_DATA_USAGE_RESPONSES:PSL_WEB_BROWSING_HISTORY:DATA_USAGE_SHARING_PURPOSE,PSL_ADVERTISING,,MULTIPLE_CHOICE,
PSL_DATA_USAGE_RESPONSES:PSL_WEB_BROWSING_HISTORY:DATA_USAGE_SHARING_PURPOSE,PSL_PERSONALIZATION,,MULTIPLE_CHOICE,
PSL_DATA_USAGE_RESPONSES:PSL_WEB_BROWSING_HISTORY:DATA_USAGE_SHARING_PURPOSE,PSL_ACCOUNT_MANAGEMENT,,MULTIPLE_CHOICE,
PSL_DATA_USAGE_RESPONSES:PSL_EMAILS:PSL_DATA_USAGE_COLLECTION_AND_SHARING,PSL_DATA_USAGE_ONLY_COLLECTED,,MULTIPLE_CHOICE,
PSL_DATA_USAGE_RESPONSES:PSL_EMAILS:PSL_DATA_USAGE_COLLECTION_AND_SHARING,PSL_DATA_USAGE_ONLY_SHARED,,MULTIPLE_CHOICE,
PSL_DATA_USAGE_RESPONSES:PSL_EMAILS:PSL_DATA_USAGE_EPHEMERAL,,,MAYBE_REQUIRED,
PSL_DATA_USAGE_RESPONSES:PSL_EMAILS:DATA_USAGE_USER_CONTROL,PSL_DATA_USAGE_USER_CONTROL_OPTIONAL,,SINGLE_CHOICE,
PSL_DATA_USAGE_RESPONSES:PSL_EMAILS:DATA_USAGE_USER_CONTROL,PSL_DATA_USAGE_USER_CONTROL_REQUIRED,,SINGLE_CHOICE,
PSL_DATA_USAGE_RESPONSES:PSL_EMAILS:DATA_USAGE_COLLECTION_PURPOSE,PSL_APP_FUNCTIONALITY,,MULTIPLE_CHOICE,
PSL_DATA_USAGE_RESPONSES:PSL_EMAILS:DATA_USAGE_COLLECTION_PURPOSE,PSL_ANALYTICS,,MULTIPLE_CHOICE,
PSL_DATA_USAGE_RESPONSES:PSL_EMAILS:DATA_USAGE_COLLECTION_PURPOSE,PSL_DEVELOPER_COMMUNICATIONS,,MULTIPLE_CHOICE,
PSL_DATA_USAGE_RESPONSES:PSL_EMAILS:DATA_USAGE_COLLECTION_PURPOSE,PSL_FRAUD_PREVENTION_SECURITY,,MULTIPLE_CHOICE,
PSL_DATA_USAGE_RESPONSES:PSL_EMAILS:DATA_USAGE_COLLECTION_PURPOSE,PSL_ADVERTISING,,MULTIPLE_CHOICE,
PSL_DATA_USAGE_RESPONSES:PSL_EMAILS:DATA_USAGE_COLLECTION_PURPOSE,PSL_PERSONALIZATION,,MULTIPLE_CHOICE,
PSL_DATA_USAGE_RESPONSES:PSL_EMAILS:DATA_USAGE_COLLECTION_PURPOSE,PSL_ACCOUNT_MANAGEMENT,,MULTIPLE_CHOICE,
PSL_DATA_USAGE_RESPONSES:PSL_EMAILS:DATA_USAGE_SHARING_PURPOSE,PSL_APP_FUNCTIONALITY,,MULTIPLE_CHOICE,
PSL_DATA_USAGE_RESPONSES:PSL_EMAILS:DATA_USAGE_SHARING_PURPOSE,PSL_ANALYTICS,,MULTIPLE_CHOICE,
PSL_DATA_USAGE_RESPONSES:PSL_EMAILS:DATA_USAGE_SHARING_PURPOSE,PSL_DEVELOPER_COMMUNICATIONS,,MULTIPLE_CHOICE,
PSL_DATA_USAGE_RESPONSES:PSL_EMAILS:DATA_USAGE_SHARING_PURPOSE,PSL_FRAUD_PREVENTION_SECURITY,,MULTIPLE_CHOICE,
PSL_DATA_USAGE_RESPONSES:PSL_EMAILS:DATA_USAGE_SHARING_PURPOSE,PSL_ADVERTISING,,MULTIPLE_CHOICE,
PSL_DATA_USAGE_RESPONSES:PSL_EMAILS:DATA_USAGE_SHARING_PURPOSE,PSL_PERSONALIZATION,,MULTIPLE_CHOICE,
PSL_DATA_USAGE_RESPONSES:PSL_EMAILS:DATA_USAGE_SHARING_PURPOSE,PSL_ACCOUNT_MANAGEMENT,,MULTIPLE_CHOICE,
PSL_DATA_USAGE_RESPONSES:PSL_SMS_CALL_LOG:PSL_DATA_USAGE_COLLECTION_AND_SHARING,PSL_DATA_USAGE_ONLY_COLLECTED,,MULTIPLE_CHOICE,
PSL_DATA_USAGE_RESPONSES:PSL_SMS_CALL_LOG:PSL_DATA_USAGE_COLLECTION_AND_SHARING,PSL_DATA_USAGE_ONLY_SHARED,,MULTIPLE_CHOICE,
PSL_DATA_USAGE_RESPONSES:PSL_SMS_CALL_LOG:PSL_DATA_USAGE_EPHEMERAL,,,MAYBE_REQUIRED,
PSL_DATA_USAGE_RESPONSES:PSL_SMS_CALL_LOG:DATA_USAGE_USER_CONTROL,PSL_DATA_USAGE_USER_CONTROL_OPTIONAL,,SINGLE_CHOICE,
PSL_DATA_USAGE_RESPONSES:PSL_SMS_CALL_LOG:DATA_USAGE_USER_CONTROL,PSL_DATA_USAGE_USER_CONTROL_REQUIRED,,SINGLE_CHOICE,
PSL_DATA_USAGE_RESPONSES:PSL_SMS_CALL_LOG:DATA_USAGE_COLLECTION_PURPOSE,PSL_APP_FUNCTIONALITY,,MULTIPLE_CHOICE,
PSL_DATA_USAGE_RESPONSES:PSL_SMS_CALL_LOG:DATA_USAGE_COLLECTION_PURPOSE,PSL_ANALYTICS,,MULTIPLE_CHOICE,
PSL_DATA_USAGE_RESPONSES:PSL_SMS_CALL_LOG:DATA_USAGE_COLLECTION_PURPOSE,PSL_DEVELOPER_COMMUNICATIONS,,MULTIPLE_CHOICE,
PSL_DATA_USAGE_RESPONSES:PSL_SMS_CALL_LOG:DATA_USAGE_COLLECTION_PURPOSE,PSL_FRAUD_PREVENTION_SECURITY,,MULTIPLE_CHOICE,
PSL_DATA_USAGE_RESPONSES:PSL_SMS_CALL_LOG:DATA_USAGE_COLLECTION_PURPOSE,PSL_ADVERTISING,,MULTIPLE_CHOICE,
PSL_DATA_USAGE_RESPONSES:PSL_SMS_CALL_LOG:DATA_USAGE_COLLECTION_PURPOSE,PSL_PERSONALIZATION,,MULTIPLE_CHOICE,
PSL_DATA_USAGE_RESPONSES:PSL_SMS_CALL_LOG:DATA_USAGE_COLLECTION_PURPOSE,PSL_ACCOUNT_MANAGEMENT,,MULTIPLE_CHOICE,
PSL_DATA_USAGE_RESPONSES:PSL_SMS_CALL_LOG:DATA_USAGE_SHARING_PURPOSE,PSL_APP_FUNCTIONALITY,,MULTIPLE_CHOICE,
PSL_DATA_USAGE_RESPONSES:PSL_SMS_CALL_LOG:DATA_USAGE_SHARING_PURPOSE,PSL_ANALYTICS,,MULTIPLE_CHOICE,
PSL_DATA_USAGE_RESPONSES:PSL_SMS_CALL_LOG:DATA_USAGE_SHARING_PURPOSE,PSL_DEVELOPER_COMMUNICATIONS,,MULTIPLE_CHOICE,
PSL_DATA_USAGE_RESPONSES:PSL_SMS_CALL_LOG:DATA_USAGE_SHARING_PURPOSE,PSL_FRAUD_PREVENTION_SECURITY,,MULTIPLE_CHOICE,
PSL_DATA_USAGE_RESPONSES:PSL_SMS_CALL_LOG:DATA_USAGE_SHARING_PURPOSE,PSL_ADVERTISING,,MULTIPLE_CHOICE,
PSL_DATA_USAGE_RESPONSES:PSL_SMS_CALL_LOG:DATA_USAGE_SHARING_PURPOSE,PSL_PERSONALIZATION,,MULTIPLE_CHOICE,
PSL_DATA_USAGE_RESPONSES:PSL_SMS_CALL_LOG:DATA_USAGE_SHARING_PURPOSE,PSL_ACCOUNT_MANAGEMENT,,MULTIPLE_CHOICE,
PSL_DATA_USAGE_RESPONSES:PSL_OTHER_MESSAGES:PSL_DATA_USAGE_COLLECTION_AND_SHARING,PSL_DATA_USAGE_ONLY_COLLECTED,,MULTIPLE_CHOICE,
PSL_DATA_USAGE_RESPONSES:PSL_OTHER_MESSAGES:PSL_DATA_USAGE_COLLECTION_AND_SHARING,PSL_DATA_USAGE_ONLY_SHARED,,MULTIPLE_CHOICE,
PSL_DATA_USAGE_RESPONSES:PSL_OTHER_MESSAGES:PSL_DATA_USAGE_EPHEMERAL,,,MAYBE_REQUIRED,
PSL_DATA_USAGE_RESPONSES:PSL_OTHER_MESSAGES:DATA_USAGE_USER_CONTROL,PSL_DATA_USAGE_USER_CONTROL_OPTIONAL,,SINGLE_CHOICE,
PSL_DATA_USAGE_RESPONSES:PSL_OTHER_MESSAGES:DATA_USAGE_USER_CONTROL,PSL_DATA_USAGE_USER_CONTROL_REQUIRED,,SINGLE_CHOICE,
PSL_DATA_USAGE_RESPONSES:PSL_OTHER_MESSAGES:DATA_USAGE_COLLECTION_PURPOSE,PSL_APP_FUNCTIONALITY,,MULTIPLE_CHOICE,
PSL_DATA_USAGE_RESPONSES:PSL_OTHER_MESSAGES:DATA_USAGE_COLLECTION_PURPOSE,PSL_ANALYTICS,,MULTIPLE_CHOICE,
PSL_DATA_USAGE_RESPONSES:PSL_OTHER_MESSAGES:DATA_USAGE_COLLECTION_PURPOSE,PSL_DEVELOPER_COMMUNICATIONS,,MULTIPLE_CHOICE,
PSL_DATA_USAGE_RESPONSES:PSL_OTHER_MESSAGES:DATA_USAGE_COLLECTION_PURPOSE,PSL_FRAUD_PREVENTION_SECURITY,,MULTIPLE_CHOICE,
PSL_DATA_USAGE_RESPONSES:PSL_OTHER_MESSAGES:DATA_USAGE_COLLECTION_PURPOSE,PSL_ADVERTISING,,MULTIPLE_CHOICE,
PSL_DATA_USAGE_RESPONSES:PSL_OTHER_MESSAGES:DATA_USAGE_COLLECTION_PURPOSE,PSL_PERSONALIZATION,,MULTIPLE_CHOICE,
PSL_DATA_USAGE_RESPONSES:PSL_OTHER_MESSAGES:DATA_USAGE_COLLECTION_PURPOSE,PSL_ACCOUNT_MANAGEMENT,,MULTIPLE_CHOICE,
PSL_DATA_USAGE_RESPONSES:PSL_OTHER_MESSAGES:DATA_USAGE_SHARING_PURPOSE,PSL_APP_FUNCTIONALITY,,MULTIPLE_CHOICE,
PSL_DATA_USAGE_RESPONSES:PSL_OTHER_MESSAGES:DATA_USAGE_SHARING_PURPOSE,PSL_ANALYTICS,,MULTIPLE_CHOICE,
PSL_DATA_USAGE_RESPONSES:PSL_OTHER_MESSAGES:DATA_USAGE_SHARING_PURPOSE,PSL_DEVELOPER_COMMUNICATIONS,,MULTIPLE_CHOICE,
PSL_DATA_USAGE_RESPONSES:PSL_OTHER_MESSAGES:DATA_USAGE_SHARING_PURPOSE,PSL_FRAUD_PREVENTION_SECURITY,,MULTIPLE_CHOICE,
PSL_DATA_USAGE_RESPONSES:PSL_OTHER_MESSAGES:DATA_USAGE_SHARING_PURPOSE,PSL_ADVERTISING,,MULTIPLE_CHOICE,
PSL_DATA_USAGE_RESPONSES:PSL_OTHER_MESSAGES:DATA_USAGE_SHARING_PURPOSE,PSL_PERSONALIZATION,,MULTIPLE_CHOICE,
PSL_DATA_USAGE_RESPONSES:PSL_OTHER_MESSAGES:DATA_USAGE_SHARING_PURPOSE,PSL_ACCOUNT_MANAGEMENT,,MULTIPLE_CHOICE,
PSL_DATA_USAGE_RESPONSES:PSL_PHOTOS:PSL_DATA_USAGE_COLLECTION_AND_SHARING,PSL_DATA_USAGE_ONLY_COLLECTED,,MULTIPLE_CHOICE,
PSL_DATA_USAGE_RESPONSES:PSL_PHOTOS:PSL_DATA_USAGE_COLLECTION_AND_SHARING,PSL_DATA_USAGE_ONLY_SHARED,,MULTIPLE_CHOICE,
PSL_DATA_USAGE_RESPONSES:PSL_PHOTOS:PSL_DATA_USAGE_EPHEMERAL,,,MAYBE_REQUIRED,
PSL_DATA_USAGE_RESPONSES:PSL_PHOTOS:DATA_USAGE_USER_CONTROL,PSL_DATA_USAGE_USER_CONTROL_OPTIONAL,,SINGLE_CHOICE,
PSL_DATA_USAGE_RESPONSES:PSL_PHOTOS:DATA_USAGE_USER_CONTROL,PSL_DATA_USAGE_USER_CONTROL_REQUIRED,,SINGLE_CHOICE,
PSL_DATA_USAGE_RESPONSES:PSL_PHOTOS:DATA_USAGE_COLLECTION_PURPOSE,PSL_APP_FUNCTIONALITY,,MULTIPLE_CHOICE,
PSL_DATA_USAGE_RESPONSES:PSL_PHOTOS:DATA_USAGE_COLLECTION_PURPOSE,PSL_ANALYTICS,,MULTIPLE_CHOICE,
PSL_DATA_USAGE_RESPONSES:PSL_PHOTOS:DATA_USAGE_COLLECTION_PURPOSE,PSL_DEVELOPER_COMMUNICATIONS,,MULTIPLE_CHOICE,
PSL_DATA_USAGE_RESPONSES:PSL_PHOTOS:DATA_USAGE_COLLECTION_PURPOSE,PSL_FRAUD_PREVENTION_SECURITY,,MULTIPLE_CHOICE,
PSL_DATA_USAGE_RESPONSES:PSL_PHOTOS:DATA_USAGE_COLLECTION_PURPOSE,PSL_ADVERTISING,,MULTIPLE_CHOICE,
PSL_DATA_USAGE_RESPONSES:PSL_PHOTOS:DATA_USAGE_COLLECTION_PURPOSE,PSL_PERSONALIZATION,,MULTIPLE_CHOICE,
PSL_DATA_USAGE_RESPONSES:PSL_PHOTOS:DATA_USAGE_COLLECTION_PURPOSE,PSL_ACCOUNT_MANAGEMENT,,MULTIPLE_CHOICE,
PSL_DATA_USAGE_RESPONSES:PSL_PHOTOS:DATA_USAGE_SHARING_PURPOSE,PSL_APP_FUNCTIONALITY,,MULTIPLE_CHOICE,
PSL_DATA_USAGE_RESPONSES:PSL_PHOTOS:DATA_USAGE_SHARING_PURPOSE,PSL_ANALYTICS,,MULTIPLE_CHOICE,
PSL_DATA_USAGE_RESPONSES:PSL_PHOTOS:DATA_USAGE_SHARING_PURPOSE,PSL_DEVELOPER_COMMUNICATIONS,,MULTIPLE_CHOICE,
PSL_DATA_USAGE_RESPONSES:PSL_PHOTOS:DATA_USAGE_SHARING_PURPOSE,PSL_FRAUD_PREVENTION_SECURITY,,MULTIPLE_CHOICE,
PSL_DATA_USAGE_RESPONSES:PSL_PHOTOS:DATA_USAGE_SHARING_PURPOSE,PSL_ADVERTISING,,MULTIPLE_CHOICE,
PSL_DATA_USAGE_RESPONSES:PSL_PHOTOS:DATA_USAGE_SHARING_PURPOSE,PSL_PERSONALIZATION,,MULTIPLE_CHOICE,
PSL_DATA_USAGE_RESPONSES:PSL_PHOTOS:DATA_USAGE_SHARING_PURPOSE,PSL_ACCOUNT_MANAGEMENT,,MULTIPLE_CHOICE,
PSL_DATA_USAGE_RESPONSES:PSL_VIDEOS:PSL_DATA_USAGE_COLLECTION_AND_SHARING,PSL_DATA_USAGE_ONLY_COLLECTED,,MULTIPLE_CHOICE,
PSL_DATA_USAGE_RESPONSES:PSL_VIDEOS:PSL_DATA_USAGE_COLLECTION_AND_SHARING,PSL_DATA_USAGE_ONLY_SHARED,,MULTIPLE_CHOICE,
PSL_DATA_USAGE_RESPONSES:PSL_VIDEOS:PSL_DATA_USAGE_EPHEMERAL,,,MAYBE_REQUIRED,
PSL_DATA_USAGE_RESPONSES:PSL_VIDEOS:DATA_USAGE_USER_CONTROL,PSL_DATA_USAGE_USER_CONTROL_OPTIONAL,,SINGLE_CHOICE,
PSL_DATA_USAGE_RESPONSES:PSL_VIDEOS:DATA_USAGE_USER_CONTROL,PSL_DATA_USAGE_USER_CONTROL_REQUIRED,,SINGLE_CHOICE,
PSL_DATA_USAGE_RESPONSES:PSL_VIDEOS:DATA_USAGE_COLLECTION_PURPOSE,PSL_APP_FUNCTIONALITY,,MULTIPLE_CHOICE,
PSL_DATA_USAGE_RESPONSES:PSL_VIDEOS:DATA_USAGE_COLLECTION_PURPOSE,PSL_ANALYTICS,,MULTIPLE_CHOICE,
PSL_DATA_USAGE_RESPONSES:PSL_VIDEOS:DATA_USAGE_COLLECTION_PURPOSE,PSL_DEVELOPER_COMMUNICATIONS,,MULTIPLE_CHOICE,
PSL_DATA_USAGE_RESPONSES:PSL_VIDEOS:DATA_USAGE_COLLECTION_PURPOSE,PSL_FRAUD_PREVENTION_SECURITY,,MULTIPLE_CHOICE,
PSL_DATA_USAGE_RESPONSES:PSL_VIDEOS:DATA_USAGE_COLLECTION_PURPOSE,PSL_ADVERTISING,,MULTIPLE_CHOICE,
PSL_DATA_USAGE_RESPONSES:PSL_VIDEOS:DATA_USAGE_COLLECTION_PURPOSE,PSL_PERSONALIZATION,,MULTIPLE_CHOICE,
PSL_DATA_USAGE_RESPONSES:PSL_VIDEOS:DATA_USAGE_COLLECTION_PURPOSE,PSL_ACCOUNT_MANAGEMENT,,MULTIPLE_CHOICE,
PSL_DATA_USAGE_RESPONSES:PSL_VIDEOS:DATA_USAGE_SHARING_PURPOSE,PSL_APP_FUNCTIONALITY,,MULTIPLE_CHOICE,
PSL_DATA_USAGE_RESPONSES:PSL_VIDEOS:DATA_USAGE_SHARING_PURPOSE,PSL_ANALYTICS,,MULTIPLE_CHOICE,
PSL_DATA_USAGE_RESPONSES:PSL_VIDEOS:DATA_USAGE_SHARING_PURPOSE,PSL_DEVELOPER_COMMUNICATIONS,,MULTIPLE_CHOICE,
PSL_DATA_USAGE_RESPONSES:PSL_VIDEOS:DATA_USAGE_SHARING_PURPOSE,PSL_FRAUD_PREVENTION_SECURITY,,MULTIPLE_CHOICE,
PSL_DATA_USAGE_RESPONSES:PSL_VIDEOS:DATA_USAGE_SHARING_PURPOSE,PSL_ADVERTISING,,MULTIPLE_CHOICE,
PSL_DATA_USAGE_RESPONSES:PSL_VIDEOS:DATA_USAGE_SHARING_PURPOSE,PSL_PERSONALIZATION,,MULTIPLE_CHOICE,
PSL_DATA_USAGE_RESPONSES:PSL_VIDEOS:DATA_USAGE_SHARING_PURPOSE,PSL_ACCOUNT_MANAGEMENT,,MULTIPLE_CHOICE,
PSL_DATA_USAGE_RESPONSES:PSL_AUDIO:PSL_DATA_USAGE_COLLECTION_AND_SHARING,PSL_DATA_USAGE_ONLY_COLLECTED,,MULTIPLE_CHOICE,
PSL_DATA_USAGE_RESPONSES:PSL_AUDIO:PSL_DATA_USAGE_COLLECTION_AND_SHARING,PSL_DATA_USAGE_ONLY_SHARED,,MULTIPLE_CHOICE,
PSL_DATA_USAGE_RESPONSES:PSL_AUDIO:PSL_DATA_USAGE_EPHEMERAL,,,MAYBE_REQUIRED,
PSL_DATA_USAGE_RESPONSES:PSL_AUDIO:DATA_USAGE_USER_CONTROL,PSL_DATA_USAGE_USER_CONTROL_OPTIONAL,,SINGLE_CHOICE,
PSL_DATA_USAGE_RESPONSES:PSL_AUDIO:DATA_USAGE_USER_CONTROL,PSL_DATA_USAGE_USER_CONTROL_REQUIRED,,SINGLE_CHOICE,
PSL_DATA_USAGE_RESPONSES:PSL_AUDIO:DATA_USAGE_COLLECTION_PURPOSE,PSL_APP_FUNCTIONALITY,,MULTIPLE_CHOICE,
PSL_DATA_USAGE_RESPONSES:PSL_AUDIO:DATA_USAGE_COLLECTION_PURPOSE,PSL_ANALYTICS,,MULTIPLE_CHOICE,
PSL_DATA_USAGE_RESPONSES:PSL_AUDIO:DATA_USAGE_COLLECTION_PURPOSE,PSL_DEVELOPER_COMMUNICATIONS,,MULTIPLE_CHOICE,
PSL_DATA_USAGE_RESPONSES:PSL_AUDIO:DATA_USAGE_COLLECTION_PURPOSE,PSL_FRAUD_PREVENTION_SECURITY,,MULTIPLE_CHOICE,
PSL_DATA_USAGE_RESPONSES:PSL_AUDIO:DATA_USAGE_COLLECTION_PURPOSE,PSL_ADVERTISING,,MULTIPLE_CHOICE,
PSL_DATA_USAGE_RESPONSES:PSL_AUDIO:DATA_USAGE_COLLECTION_PURPOSE,PSL_PERSONALIZATION,,MULTIPLE_CHOICE,
PSL_DATA_USAGE_RESPONSES:PSL_AUDIO:DATA_USAGE_COLLECTION_PURPOSE,PSL_ACCOUNT_MANAGEMENT,,MULTIPLE_CHOICE,
PSL_DATA_USAGE_RESPONSES:PSL_AUDIO:DATA_USAGE_SHARING_PURPOSE,PSL_APP_FUNCTIONALITY,,MULTIPLE_CHOICE,
PSL_DATA_USAGE_RESPONSES:PSL_AUDIO:DATA_USAGE_SHARING_PURPOSE,PSL_ANALYTICS,,MULTIPLE_CHOICE,
PSL_DATA_USAGE_RESPONSES:PSL_AUDIO:DATA_USAGE_SHARING_PURPOSE,PSL_DEVELOPER_COMMUNICATIONS,,MULTIPLE_CHOICE,
PSL_DATA_USAGE_RESPONSES:PSL_AUDIO:DATA_USAGE_SHARING_PURPOSE,PSL_FRAUD_PREVENTION_SECURITY,,MULTIPLE_CHOICE,
PSL_DATA_USAGE_RESPONSES:PSL_AUDIO:DATA_USAGE_SHARING_PURPOSE,PSL_ADVERTISING,,MULTIPLE_CHOICE,
PSL_DATA_USAGE_RESPONSES:PSL_AUDIO:DATA_USAGE_SHARING_PURPOSE,PSL_PERSONALIZATION,,MULTIPLE_CHOICE,
PSL_DATA_USAGE_RESPONSES:PSL_AUDIO:DATA_USAGE_SHARING_PURPOSE,PSL_ACCOUNT_MANAGEMENT,,MULTIPLE_CHOICE,
PSL_DATA_USAGE_RESPONSES:PSL_MUSIC:PSL_DATA_USAGE_COLLECTION_AND_SHARING,PSL_DATA_USAGE_ONLY_COLLECTED,,MULTIPLE_CHOICE,
PSL_DATA_USAGE_RESPONSES:PSL_MUSIC:PSL_DATA_USAGE_COLLECTION_AND_SHARING,PSL_DATA_USAGE_ONLY_SHARED,,MULTIPLE_CHOICE,
PSL_DATA_USAGE_RESPONSES:PSL_MUSIC:PSL_DATA_USAGE_EPHEMERAL,,,MAYBE_REQUIRED,
PSL_DATA_USAGE_RESPONSES:PSL_MUSIC:DATA_USAGE_USER_CONTROL,PSL_DATA_USAGE_USER_CONTROL_OPTIONAL,,SINGLE_CHOICE,
PSL_DATA_USAGE_RESPONSES:PSL_MUSIC:DATA_USAGE_USER_CONTROL,PSL_DATA_USAGE_USER_CONTROL_REQUIRED,,SINGLE_CHOICE,
PSL_DATA_USAGE_RESPONSES:PSL_MUSIC:DATA_USAGE_COLLECTION_PURPOSE,PSL_APP_FUNCTIONALITY,,MULTIPLE_CHOICE,
PSL_DATA_USAGE_RESPONSES:PSL_MUSIC:DATA_USAGE_COLLECTION_PURPOSE,PSL_ANALYTICS,,MULTIPLE_CHOICE,
PSL_DATA_USAGE_RESPONSES:PSL_MUSIC:DATA_USAGE_COLLECTION_PURPOSE,PSL_DEVELOPER_COMMUNICATIONS,,MULTIPLE_CHOICE,
PSL_DATA_USAGE_RESPONSES:PSL_MUSIC:DATA_USAGE_COLLECTION_PURPOSE,PSL_FRAUD_PREVENTION_SECURITY,,MULTIPLE_CHOICE,
PSL_DATA_USAGE_RESPONSES:PSL_MUSIC:DATA_USAGE_COLLECTION_PURPOSE,PSL_ADVERTISING,,MULTIPLE_CHOICE,
PSL_DATA_USAGE_RESPONSES:PSL_MUSIC:DATA_USAGE_COLLECTION_PURPOSE,PSL_PERSONALIZATION,,MULTIPLE_CHOICE,
PSL_DATA_USAGE_RESPONSES:PSL_MUSIC:DATA_USAGE_COLLECTION_PURPOSE,PSL_ACCOUNT_MANAGEMENT,,MULTIPLE_CHOICE,
PSL_DATA_USAGE_RESPONSES:PSL_MUSIC:DATA_USAGE_SHARING_PURPOSE,PSL_APP_FUNCTIONALITY,,MULTIPLE_CHOICE,
PSL_DATA_USAGE_RESPONSES:PSL_MUSIC:DATA_USAGE_SHARING_PURPOSE,PSL_ANALYTICS,,MULTIPLE_CHOICE,
PSL_DATA_USAGE_RESPONSES:PSL_MUSIC:DATA_USAGE_SHARING_PURPOSE,PSL_DEVELOPER_COMMUNICATIONS,,MULTIPLE_CHOICE,
PSL_DATA_USAGE_RESPONSES:PSL_MUSIC:DATA_USAGE_SHARING_PURPOSE,PSL_FRAUD_PREVENTION_SECURITY,,MULTIPLE_CHOICE,
PSL_DATA_USAGE_RESPONSES:PSL_MUSIC:DATA_USAGE_SHARING_PURPOSE,PSL_ADVERTISING,,MULTIPLE_CHOICE,
PSL_DATA_USAGE_RESPONSES:PSL_MUSIC:DATA_USAGE_SHARING_PURPOSE,PSL_PERSONALIZATION,,MULTIPLE_CHOICE,
PSL_DATA_USAGE_RESPONSES:PSL_MUSIC:DATA_USAGE_SHARING_PURPOSE,PSL_ACCOUNT_MANAGEMENT,,MULTIPLE_CHOICE,
PSL_DATA_USAGE_RESPONSES:PSL_OTHER_AUDIO:PSL_DATA_USAGE_COLLECTION_AND_SHARING,PSL_DATA_USAGE_ONLY_COLLECTED,,MULTIPLE_CHOICE,
PSL_DATA_USAGE_RESPONSES:PSL_OTHER_AUDIO:PSL_DATA_USAGE_COLLECTION_AND_SHARING,PSL_DATA_USAGE_ONLY_SHARED,,MULTIPLE_CHOICE,
PSL_DATA_USAGE_RESPONSES:PSL_OTHER_AUDIO:PSL_DATA_USAGE_EPHEMERAL,,,MAYBE_REQUIRED,
PSL_DATA_USAGE_RESPONSES:PSL_OTHER_AUDIO:DATA_USAGE_USER_CONTROL,PSL_DATA_USAGE_USER_CONTROL_OPTIONAL,,SINGLE_CHOICE,
PSL_DATA_USAGE_RESPONSES:PSL_OTHER_AUDIO:DATA_USAGE_USER_CONTROL,PSL_DATA_USAGE_USER_CONTROL_REQUIRED,,SINGLE_CHOICE,
PSL_DATA_USAGE_RESPONSES:PSL_OTHER_AUDIO:DATA_USAGE_COLLECTION_PURPOSE,PSL_APP_FUNCTIONALITY,,MULTIPLE_CHOICE,
PSL_DATA_USAGE_RESPONSES:PSL_OTHER_AUDIO:DATA_USAGE_COLLECTION_PURPOSE,PSL_ANALYTICS,,MULTIPLE_CHOICE,
PSL_DATA_USAGE_RESPONSES:PSL_OTHER_AUDIO:DATA_USAGE_COLLECTION_PURPOSE,PSL_DEVELOPER_COMMUNICATIONS,,MULTIPLE_CHOICE,
PSL_DATA_USAGE_RESPONSES:PSL_OTHER_AUDIO:DATA_USAGE_COLLECTION_PURPOSE,PSL_FRAUD_PREVENTION_SECURITY,,MULTIPLE_CHOICE,
PSL_DATA_USAGE_RESPONSES:PSL_OTHER_AUDIO:DATA_USAGE_COLLECTION_PURPOSE,PSL_ADVERTISING,,MULTIPLE_CHOICE,
PSL_DATA_USAGE_RESPONSES:PSL_OTHER_AUDIO:DATA_USAGE_COLLECTION_PURPOSE,PSL_PERSONALIZATION,,MULTIPLE_CHOICE,
PSL_DATA_USAGE_RESPONSES:PSL_OTHER_AUDIO:DATA_USAGE_COLLECTION_PURPOSE,PSL_ACCOUNT_MANAGEMENT,,MULTIPLE_CHOICE,
PSL_DATA_USAGE_RESPONSES:PSL_OTHER_AUDIO:DATA_USAGE_SHARING_PURPOSE,PSL_APP_FUNCTIONALITY,,MULTIPLE_CHOICE,
PSL_DATA_USAGE_RESPONSES:PSL_OTHER_AUDIO:DATA_USAGE_SHARING_PURPOSE,PSL_ANALYTICS,,MULTIPLE_CHOICE,
PSL_DATA_USAGE_RESPONSES:PSL_OTHER_AUDIO:DATA_USAGE_SHARING_PURPOSE,PSL_DEVELOPER_COMMUNICATIONS,,MULTIPLE_CHOICE,
PSL_DATA_USAGE_RESPONSES:PSL_OTHER_AUDIO:DATA_USAGE_SHARING_PURPOSE,PSL_FRAUD_PREVENTION_SECURITY,,MULTIPLE_CHOICE,
PSL_DATA_USAGE_RESPONSES:PSL_OTHER_AUDIO:DATA_USAGE_SHARING_PURPOSE,PSL_ADVERTISING,,MULTIPLE_CHOICE,
PSL_DATA_USAGE_RESPONSES:PSL_OTHER_AUDIO:DATA_USAGE_SHARING_PURPOSE,PSL_PERSONALIZATION,,MULTIPLE_CHOICE,
PSL_DATA_USAGE_RESPONSES:PSL_OTHER_AUDIO:DATA_USAGE_SHARING_PURPOSE,PSL_ACCOUNT_MANAGEMENT,,MULTIPLE_CHOICE,
PSL_DATA_USAGE_RESPONSES:PSL_HEALTH:PSL_DATA_USAGE_COLLECTION_AND_SHARING,PSL_DATA_USAGE_ONLY_COLLECTED,,MULTIPLE_CHOICE,
PSL_DATA_USAGE_RESPONSES:PSL_HEALTH:PSL_DATA_USAGE_COLLECTION_AND_SHARING,PSL_DATA_USAGE_ONLY_SHARED,,MULTIPLE_CHOICE,
PSL_DATA_USAGE_RESPONSES:PSL_HEALTH:PSL_DATA_USAGE_EPHEMERAL,,,MAYBE_REQUIRED,
PSL_DATA_USAGE_RESPONSES:PSL_HEALTH:DATA_USAGE_USER_CONTROL,PSL_DATA_USAGE_USER_CONTROL_OPTIONAL,,SINGLE_CHOICE,
PSL_DATA_USAGE_RESPONSES:PSL_HEALTH:DATA_USAGE_USER_CONTROL,PSL_DATA_USAGE_USER_CONTROL_REQUIRED,,SINGLE_CHOICE,
PSL_DATA_USAGE_RESPONSES:PSL_HEALTH:DATA_USAGE_COLLECTION_PURPOSE,PSL_APP_FUNCTIONALITY,,MULTIPLE_CHOICE,
PSL_DATA_USAGE_RESPONSES:PSL_HEALTH:DATA_USAGE_COLLECTION_PURPOSE,PSL_ANALYTICS,,MULTIPLE_CHOICE,
PSL_DATA_USAGE_RESPONSES:PSL_HEALTH:DATA_USAGE_COLLECTION_PURPOSE,PSL_DEVELOPER_COMMUNICATIONS,,MULTIPLE_CHOICE,
PSL_DATA_USAGE_RESPONSES:PSL_HEALTH:DATA_USAGE_COLLECTION_PURPOSE,PSL_FRAUD_PREVENTION_SECURITY,,MULTIPLE_CHOICE,
PSL_DATA_USAGE_RESPONSES:PSL_HEALTH:DATA_USAGE_COLLECTION_PURPOSE,PSL_ADVERTISING,,MULTIPLE_CHOICE,
PSL_DATA_USAGE_RESPONSES:PSL_HEALTH:DATA_USAGE_COLLECTION_PURPOSE,PSL_PERSONALIZATION,,MULTIPLE_CHOICE,
PSL_DATA_USAGE_RESPONSES:PSL_HEALTH:DATA_USAGE_COLLECTION_PURPOSE,PSL_ACCOUNT_MANAGEMENT,,MULTIPLE_CHOICE,
PSL_DATA_USAGE_RESPONSES:PSL_HEALTH:DATA_USAGE_SHARING_PURPOSE,PSL_APP_FUNCTIONALITY,,MULTIPLE_CHOICE,
PSL_DATA_USAGE_RESPONSES:PSL_HEALTH:DATA_USAGE_SHARING_PURPOSE,PSL_ANALYTICS,,MULTIPLE_CHOICE,
PSL_DATA_USAGE_RESPONSES:PSL_HEALTH:DATA_USAGE_SHARING_PURPOSE,PSL_DEVELOPER_COMMUNICATIONS,,MULTIPLE_CHOICE,
PSL_DATA_USAGE_RESPONSES:PSL_HEALTH:DATA_USAGE_SHARING_PURPOSE,PSL_FRAUD_PREVENTION_SECURITY,,MULTIPLE_CHOICE,
PSL_DATA_USAGE_RESPONSES:PSL_HEALTH:DATA_USAGE_SHARING_PURPOSE,PSL_ADVERTISING,,MULTIPLE_CHOICE,
PSL_DATA_USAGE_RESPONSES:PSL_HEALTH:DATA_USAGE_SHARING_PURPOSE,PSL_PERSONALIZATION,,MULTIPLE_CHOICE,
PSL_DATA_USAGE_RESPONSES:PSL_HEALTH:DATA_USAGE_SHARING_PURPOSE,PSL_ACCOUNT_MANAGEMENT,,MULTIPLE_CHOICE,
PSL_DATA_USAGE_RESPONSES:PSL_FITNESS:PSL_DATA_USAGE_COLLECTION_AND_SHARING,PSL_DATA_USAGE_ONLY_COLLECTED,,MULTIPLE_CHOICE,
PSL_DATA_USAGE_RESPONSES:PSL_FITNESS:PSL_DATA_USAGE_COLLECTION_AND_SHARING,PSL_DATA_USAGE_ONLY_SHARED,,MULTIPLE_CHOICE,
PSL_DATA_USAGE_RESPONSES:PSL_FITNESS:PSL_DATA_USAGE_EPHEMERAL,,,MAYBE_REQUIRED,
PSL_DATA_USAGE_RESPONSES:PSL_FITNESS:DATA_USAGE_USER_CONTROL,PSL_DATA_USAGE_USER_CONTROL_OPTIONAL,,SINGLE_CHOICE,
PSL_DATA_USAGE_RESPONSES:PSL_FITNESS:DATA_USAGE_USER_CONTROL,PSL_DATA_USAGE_USER_CONTROL_REQUIRED,,SINGLE_CHOICE,
PSL_DATA_USAGE_RESPONSES:PSL_FITNESS:DATA_USAGE_COLLECTION_PURPOSE,PSL_APP_FUNCTIONALITY,,MULTIPLE_CHOICE,
PSL_DATA_USAGE_RESPONSES:PSL_FITNESS:DATA_USAGE_COLLECTION_PURPOSE,PSL_ANALYTICS,,MULTIPLE_CHOICE,
PSL_DATA_USAGE_RESPONSES:PSL_FITNESS:DATA_USAGE_COLLECTION_PURPOSE,PSL_DEVELOPER_COMMUNICATIONS,,MULTIPLE_CHOICE,
PSL_DATA_USAGE_RESPONSES:PSL_FITNESS:DATA_USAGE_COLLECTION_PURPOSE,PSL_FRAUD_PREVENTION_SECURITY,,MULTIPLE_CHOICE,
PSL_DATA_USAGE_RESPONSES:PSL_FITNESS:DATA_USAGE_COLLECTION_PURPOSE,PSL_ADVERTISING,,MULTIPLE_CHOICE,
PSL_DATA_USAGE_RESPONSES:PSL_FITNESS:DATA_USAGE_COLLECTION_PURPOSE,PSL_PERSONALIZATION,,MULTIPLE_CHOICE,
PSL_DATA_USAGE_RESPONSES:PSL_FITNESS:DATA_USAGE_COLLECTION_PURPOSE,PSL_ACCOUNT_MANAGEMENT,,MULTIPLE_CHOICE,
PSL_DATA_USAGE_RESPONSES:PSL_FITNESS:DATA_USAGE_SHARING_PURPOSE,PSL_APP_FUNCTIONALITY,,MULTIPLE_CHOICE,
PSL_DATA_USAGE_RESPONSES:PSL_FITNESS:DATA_USAGE_SHARING_PURPOSE,PSL_ANALYTICS,,MULTIPLE_CHOICE,
PSL_DATA_USAGE_RESPONSES:PSL_FITNESS:DATA_USAGE_SHARING_PURPOSE,PSL_DEVELOPER_COMMUNICATIONS,,MULTIPLE_CHOICE,
PSL_DATA_USAGE_RESPONSES:PSL_FITNESS:DATA_USAGE_SHARING_PURPOSE,PSL_FRAUD_PREVENTION_SECURITY,,MULTIPLE_CHOICE,
PSL_DATA_USAGE_RESPONSES:PSL_FITNESS:DATA_USAGE_SHARING_PURPOSE,PSL_ADVERTISING,,MULTIPLE_CHOICE,
PSL_DATA_USAGE_RESPONSES:PSL_FITNESS:DATA_USAGE_SHARING_PURPOSE,PSL_PERSONALIZATION,,MULTIPLE_CHOICE,
PSL_DATA_USAGE_RESPONSES:PSL_FITNESS:DATA_USAGE_SHARING_PURPOSE,PSL_ACCOUNT_MANAGEMENT,,MULTIPLE_CHOICE,
PSL_DATA_USAGE_RESPONSES:PSL_CONTACTS:PSL_DATA_USAGE_COLLECTION_AND_SHARING,PSL_DATA_USAGE_ONLY_COLLECTED,,MULTIPLE_CHOICE,
PSL_DATA_USAGE_RESPONSES:PSL_CONTACTS:PSL_DATA_USAGE_COLLECTION_AND_SHARING,PSL_DATA_USAGE_ONLY_SHARED,,MULTIPLE_CHOICE,
PSL_DATA_USAGE_RESPONSES:PSL_CONTACTS:PSL_DATA_USAGE_EPHEMERAL,,,MAYBE_REQUIRED,
PSL_DATA_USAGE_RESPONSES:PSL_CONTACTS:DATA_USAGE_USER_CONTROL,PSL_DATA_USAGE_USER_CONTROL_OPTIONAL,,SINGLE_CHOICE,
PSL_DATA_USAGE_RESPONSES:PSL_CONTACTS:DATA_USAGE_USER_CONTROL,PSL_DATA_USAGE_USER_CONTROL_REQUIRED,,SINGLE_CHOICE,
PSL_DATA_USAGE_RESPONSES:PSL_CONTACTS:DATA_USAGE_COLLECTION_PURPOSE,PSL_APP_FUNCTIONALITY,,MULTIPLE_CHOICE,
PSL_DATA_USAGE_RESPONSES:PSL_CONTACTS:DATA_USAGE_COLLECTION_PURPOSE,PSL_ANALYTICS,,MULTIPLE_CHOICE,
PSL_DATA_USAGE_RESPONSES:PSL_CONTACTS:DATA_USAGE_COLLECTION_PURPOSE,PSL_DEVELOPER_COMMUNICATIONS,,MULTIPLE_CHOICE,
PSL_DATA_USAGE_RESPONSES:PSL_CONTACTS:DATA_USAGE_COLLECTION_PURPOSE,PSL_FRAUD_PREVENTION_SECURITY,,MULTIPLE_CHOICE,
PSL_DATA_USAGE_RESPONSES:PSL_CONTACTS:DATA_USAGE_COLLECTION_PURPOSE,PSL_ADVERTISING,,MULTIPLE_CHOICE,
PSL_DATA_USAGE_RESPONSES:PSL_CONTACTS:DATA_USAGE_COLLECTION_PURPOSE,PSL_PERSONALIZATION,,MULTIPLE_CHOICE,
PSL_DATA_USAGE_RESPONSES:PSL_CONTACTS:DATA_USAGE_COLLECTION_PURPOSE,PSL_ACCOUNT_MANAGEMENT,,MULTIPLE_CHOICE,
PSL_DATA_USAGE_RESPONSES:PSL_CONTACTS:DATA_USAGE_SHARING_PURPOSE,PSL_APP_FUNCTIONALITY,,MULTIPLE_CHOICE,
PSL_DATA_USAGE_RESPONSES:PSL_CONTACTS:DATA_USAGE_SHARING_PURPOSE,PSL_ANALYTICS,,MULTIPLE_CHOICE,
PSL_DATA_USAGE_RESPONSES:PSL_CONTACTS:DATA_USAGE_SHARING_PURPOSE,PSL_DEVELOPER_COMMUNICATIONS,,MULTIPLE_CHOICE,
PSL_DATA_USAGE_RESPONSES:PSL_CONTACTS:DATA_USAGE_SHARING_PURPOSE,PSL_FRAUD_PREVENTION_SECURITY,,MULTIPLE_CHOICE,
PSL_DATA_USAGE_RESPONSES:PSL_CONTACTS:DATA_USAGE_SHARING_PURPOSE,PSL_ADVERTISING,,MULTIPLE_CHOICE,
PSL_DATA_USAGE_RESPONSES:PSL_CONTACTS:DATA_USAGE_SHARING_PURPOSE,PSL_PERSONALIZATION,,MULTIPLE_CHOICE,
PSL_DATA_USAGE_RESPONSES:PSL_CONTACTS:DATA_USAGE_SHARING_PURPOSE,PSL_ACCOUNT_MANAGEMENT,,MULTIPLE_CHOICE,
PSL_DATA_USAGE_RESPONSES:PSL_CALENDAR:PSL_DATA_USAGE_COLLECTION_AND_SHARING,PSL_DATA_USAGE_ONLY_COLLECTED,,MULTIPLE_CHOICE,
PSL_DATA_USAGE_RESPONSES:PSL_CALENDAR:PSL_DATA_USAGE_COLLECTION_AND_SHARING,PSL_DATA_USAGE_ONLY_SHARED,,MULTIPLE_CHOICE,
PSL_DATA_USAGE_RESPONSES:PSL_CALENDAR:PSL_DATA_USAGE_EPHEMERAL,,,MAYBE_REQUIRED,
PSL_DATA_USAGE_RESPONSES:PSL_CALENDAR:DATA_USAGE_USER_CONTROL,PSL_DATA_USAGE_USER_CONTROL_OPTIONAL,,SINGLE_CHOICE,
PSL_DATA_USAGE_RESPONSES:PSL_CALENDAR:DATA_USAGE_USER_CONTROL,PSL_DATA_USAGE_USER_CONTROL_REQUIRED,,SINGLE_CHOICE,
PSL_DATA_USAGE_RESPONSES:PSL_CALENDAR:DATA_USAGE_COLLECTION_PURPOSE,PSL_APP_FUNCTIONALITY,,MULTIPLE_CHOICE,
PSL_DATA_USAGE_RESPONSES:PSL_CALENDAR:DATA_USAGE_COLLECTION_PURPOSE,PSL_ANALYTICS,,MULTIPLE_CHOICE,
PSL_DATA_USAGE_RESPONSES:PSL_CALENDAR:DATA_USAGE_COLLECTION_PURPOSE,PSL_DEVELOPER_COMMUNICATIONS,,MULTIPLE_CHOICE,
PSL_DATA_USAGE_RESPONSES:PSL_CALENDAR:DATA_USAGE_COLLECTION_PURPOSE,PSL_FRAUD_PREVENTION_SECURITY,,MULTIPLE_CHOICE,
PSL_DATA_USAGE_RESPONSES:PSL_CALENDAR:DATA_USAGE_COLLECTION_PURPOSE,PSL_ADVERTISING,,MULTIPLE_CHOICE,
PSL_DATA_USAGE_RESPONSES:PSL_CALENDAR:DATA_USAGE_COLLECTION_PURPOSE,PSL_PERSONALIZATION,,MULTIPLE_CHOICE,
PSL_DATA_USAGE_RESPONSES:PSL_CALENDAR:DATA_USAGE_COLLECTION_PURPOSE,PSL_ACCOUNT_MANAGEMENT,,MULTIPLE_CHOICE,
PSL_DATA_USAGE_RESPONSES:PSL_CALENDAR:DATA_USAGE_SHARING_PURPOSE,PSL_APP_FUNCTIONALITY,,MULTIPLE_CHOICE,
PSL_DATA_USAGE_RESPONSES:PSL_CALENDAR:DATA_USAGE_SHARING_PURPOSE,PSL_ANALYTICS,,MULTIPLE_CHOICE,
PSL_DATA_USAGE_RESPONSES:PSL_CALENDAR:DATA_USAGE_SHARING_PURPOSE,PSL_DEVELOPER_COMMUNICATIONS,,MULTIPLE_CHOICE,
PSL_DATA_USAGE_RESPONSES:PSL_CALENDAR:DATA_USAGE_SHARING_PURPOSE,PSL_FRAUD_PREVENTION_SECURITY,,MULTIPLE_CHOICE,
PSL_DATA_USAGE_RESPONSES:PSL_CALENDAR:DATA_USAGE_SHARING_PURPOSE,PSL_ADVERTISING,,MULTIPLE_CHOICE,
PSL_DATA_USAGE_RESPONSES:PSL_CALENDAR:DATA_USAGE_SHARING_PURPOSE,PSL_PERSONALIZATION,,MULTIPLE_CHOICE,
PSL_DATA_USAGE_RESPONSES:PSL_CALENDAR:DATA_USAGE_SHARING_PURPOSE,PSL_ACCOUNT_MANAGEMENT,,MULTIPLE_CHOICE,
PSL_DATA_USAGE_RESPONSES:PSL_CRASH_LOGS:PSL_DATA_USAGE_COLLECTION_AND_SHARING,PSL_DATA_USAGE_ONLY_COLLECTED,,MULTIPLE_CHOICE,
PSL_DATA_USAGE_RESPONSES:PSL_CRASH_LOGS:PSL_DATA_USAGE_COLLECTION_AND_SHARING,PSL_DATA_USAGE_ONLY_SHARED,,MULTIPLE_CHOICE,
PSL_DATA_USAGE_RESPONSES:PSL_CRASH_LOGS:PSL_DATA_USAGE_EPHEMERAL,,,MAYBE_REQUIRED,
PSL_DATA_USAGE_RESPONSES:PSL_CRASH_LOGS:DATA_USAGE_USER_CONTROL,PSL_DATA_USAGE_USER_CONTROL_OPTIONAL,,SINGLE_CHOICE,
PSL_DATA_USAGE_RESPONSES:PSL_CRASH_LOGS:DATA_USAGE_USER_CONTROL,PSL_DATA_USAGE_USER_CONTROL_REQUIRED,,SINGLE_CHOICE,
PSL_DATA_USAGE_RESPONSES:PSL_CRASH_LOGS:DATA_USAGE_COLLECTION_PURPOSE,PSL_APP_FUNCTIONALITY,,MULTIPLE_CHOICE,
PSL_DATA_USAGE_RESPONSES:PSL_CRASH_LOGS:DATA_USAGE_COLLECTION_PURPOSE,PSL_ANALYTICS,,MULTIPLE_CHOICE,
PSL_DATA_USAGE_RESPONSES:PSL_CRASH_LOGS:DATA_USAGE_COLLECTION_PURPOSE,PSL_DEVELOPER_COMMUNICATIONS,,MULTIPLE_CHOICE,
PSL_DATA_USAGE_RESPONSES:PSL_CRASH_LOGS:DATA_USAGE_COLLECTION_PURPOSE,PSL_FRAUD_PREVENTION_SECURITY,,MULTIPLE_CHOICE,
PSL_DATA_USAGE_RESPONSES:PSL_CRASH_LOGS:DATA_USAGE_COLLECTION_PURPOSE,PSL_ADVERTISING,,MULTIPLE_CHOICE,
PSL_DATA_USAGE_RESPONSES:PSL_CRASH_LOGS:DATA_USAGE_COLLECTION_PURPOSE,PSL_PERSONALIZATION,,MULTIPLE_CHOICE,
PSL_DATA_USAGE_RESPONSES:PSL_CRASH_LOGS:DATA_USAGE_COLLECTION_PURPOSE,PSL_ACCOUNT_MANAGEMENT,,MULTIPLE_CHOICE,
PSL_DATA_USAGE_RESPONSES:PSL_CRASH_LOGS:DATA_USAGE_SHARING_PURPOSE,PSL_APP_FUNCTIONALITY,,MULTIPLE_CHOICE,
PSL_DATA_USAGE_RESPONSES:PSL_CRASH_LOGS:DATA_USAGE_SHARING_PURPOSE,PSL_ANALYTICS,,MULTIPLE_CHOICE,
PSL_DATA_USAGE_RESPONSES:PSL_CRASH_LOGS:DATA_USAGE_SHARING_PURPOSE,PSL_DEVELOPER_COMMUNICATIONS,,MULTIPLE_CHOICE,
PSL_DATA_USAGE_RESPONSES:PSL_CRASH_LOGS:DATA_USAGE_SHARING_PURPOSE,PSL_FRAUD_PREVENTION_SECURITY,,MULTIPLE_CHOICE,
PSL_DATA_USAGE_RESPONSES:PSL_CRASH_LOGS:DATA_USAGE_SHARING_PURPOSE,PSL_ADVERTISING,,MULTIPLE_CHOICE,
PSL_DATA_USAGE_RESPONSES:PSL_CRASH_LOGS:DATA_USAGE_SHARING_PURPOSE,PSL_PERSONALIZATION,,MULTIPLE_CHOICE,
PSL_DATA_USAGE_RESPONSES:PSL_CRASH_LOGS:DATA_USAGE_SHARING_PURPOSE,PSL_ACCOUNT_MANAGEMENT,,MULTIPLE_CHOICE,
PSL_DATA_USAGE_RESPONSES:PSL_PERFORMANCE_DIAGNOSTICS:PSL_DATA_USAGE_COLLECTION_AND_SHARING,PSL_DATA_USAGE_ONLY_COLLECTED,,MULTIPLE_CHOICE,
PSL_DATA_USAGE_RESPONSES:PSL_PERFORMANCE_DIAGNOSTICS:PSL_DATA_USAGE_COLLECTION_AND_SHARING,PSL_DATA_USAGE_ONLY_SHARED,,MULTIPLE_CHOICE,
PSL_DATA_USAGE_RESPONSES:PSL_PERFORMANCE_DIAGNOSTICS:PSL_DATA_USAGE_EPHEMERAL,,,MAYBE_REQUIRED,
PSL_DATA_USAGE_RESPONSES:PSL_PERFORMANCE_DIAGNOSTICS:DATA_USAGE_USER_CONTROL,PSL_DATA_USAGE_USER_CONTROL_OPTIONAL,,SINGLE_CHOICE,
PSL_DATA_USAGE_RESPONSES:PSL_PERFORMANCE_DIAGNOSTICS:DATA_USAGE_USER_CONTROL,PSL_DATA_USAGE_USER_CONTROL_REQUIRED,,SINGLE_CHOICE,
PSL_DATA_USAGE_RESPONSES:PSL_PERFORMANCE_DIAGNOSTICS:DATA_USAGE_COLLECTION_PURPOSE,PSL_APP_FUNCTIONALITY,,MULTIPLE_CHOICE,
PSL_DATA_USAGE_RESPONSES:PSL_PERFORMANCE_DIAGNOSTICS:DATA_USAGE_COLLECTION_PURPOSE,PSL_ANALYTICS,,MULTIPLE_CHOICE,
PSL_DATA_USAGE_RESPONSES:PSL_PERFORMANCE_DIAGNOSTICS:DATA_USAGE_COLLECTION_PURPOSE,PSL_DEVELOPER_COMMUNICATIONS,,MULTIPLE_CHOICE,
PSL_DATA_USAGE_RESPONSES:PSL_PERFORMANCE_DIAGNOSTICS:DATA_USAGE_COLLECTION_PURPOSE,PSL_FRAUD_PREVENTION_SECURITY,,MULTIPLE_CHOICE,
PSL_DATA_USAGE_RESPONSES:PSL_PERFORMANCE_DIAGNOSTICS:DATA_USAGE_COLLECTION_PURPOSE,PSL_ADVERTISING,,MULTIPLE_CHOICE,
PSL_DATA_USAGE_RESPONSES:PSL_PERFORMANCE_DIAGNOSTICS:DATA_USAGE_COLLECTION_PURPOSE,PSL_PERSONALIZATION,,MULTIPLE_CHOICE,
PSL_DATA_USAGE_RESPONSES:PSL_PERFORMANCE_DIAGNOSTICS:DATA_USAGE_COLLECTION_PURPOSE,PSL_ACCOUNT_MANAGEMENT,,MULTIPLE_CHOICE,
PSL_DATA_USAGE_RESPONSES:PSL_PERFORMANCE_DIAGNOSTICS:DATA_USAGE_SHARING_PURPOSE,PSL_APP_FUNCTIONALITY,,MULTIPLE_CHOICE,
PSL_DATA_USAGE_RESPONSES:PSL_PERFORMANCE_DIAGNOSTICS:DATA_USAGE_SHARING_PURPOSE,PSL_ANALYTICS,,MULTIPLE_CHOICE,
PSL_DATA_USAGE_RESPONSES:PSL_PERFORMANCE_DIAGNOSTICS:DATA_USAGE_SHARING_PURPOSE,PSL_DEVELOPER_COMMUNICATIONS,,MULTIPLE_CHOICE,
PSL_DATA_USAGE_RESPONSES:PSL_PERFORMANCE_DIAGNOSTICS:DATA_USAGE_SHARING_PURPOSE,PSL_FRAUD_PREVENTION_SECURITY,,MULTIPLE_CHOICE,
PSL_DATA_USAGE_RESPONSES:PSL_PERFORMANCE_DIAGNOSTICS:DATA_USAGE_SHARING_PURPOSE,PSL_ADVERTISING,,MULTIPLE_CHOICE,
PSL_DATA_USAGE_RESPONSES:PSL_PERFORMANCE_DIAGNOSTICS:DATA_USAGE_SHARING_PURPOSE,PSL_PERSONALIZATION,,MULTIPLE_CHOICE,
PSL_DATA_USAGE_RESPONSES:PSL_PERFORMANCE_DIAGNOSTICS:DATA_USAGE_SHARING_PURPOSE,PSL_ACCOUNT_MANAGEMENT,,MULTIPLE_CHOICE,
PSL_DATA_USAGE_RESPONSES:PSL_OTHER_PERFORMANCE:PSL_DATA_USAGE_COLLECTION_AND_SHARING,PSL_DATA_USAGE_ONLY_COLLECTED,,MULTIPLE_CHOICE,
PSL_DATA_USAGE_RESPONSES:PSL_OTHER_PERFORMANCE:PSL_DATA_USAGE_COLLECTION_AND_SHARING,PSL_DATA_USAGE_ONLY_SHARED,,MULTIPLE_CHOICE,
PSL_DATA_USAGE_RESPONSES:PSL_OTHER_PERFORMANCE:PSL_DATA_USAGE_EPHEMERAL,,,MAYBE_REQUIRED,
PSL_DATA_USAGE_RESPONSES:PSL_OTHER_PERFORMANCE:DATA_USAGE_USER_CONTROL,PSL_DATA_USAGE_USER_CONTROL_OPTIONAL,,SINGLE_CHOICE,
PSL_DATA_USAGE_RESPONSES:PSL_OTHER_PERFORMANCE:DATA_USAGE_USER_CONTROL,PSL_DATA_USAGE_USER_CONTROL_REQUIRED,,SINGLE_CHOICE,
PSL_DATA_USAGE_RESPONSES:PSL_OTHER_PERFORMANCE:DATA_USAGE_COLLECTION_PURPOSE,PSL_APP_FUNCTIONALITY,,MULTIPLE_CHOICE,
PSL_DATA_USAGE_RESPONSES:PSL_OTHER_PERFORMANCE:DATA_USAGE_COLLECTION_PURPOSE,PSL_ANALYTICS,,MULTIPLE_CHOICE,
PSL_DATA_USAGE_RESPONSES:PSL_OTHER_PERFORMANCE:DATA_USAGE_COLLECTION_PURPOSE,PSL_DEVELOPER_COMMUNICATIONS,,MULTIPLE_CHOICE,
PSL_DATA_USAGE_RESPONSES:PSL_OTHER_PERFORMANCE:DATA_USAGE_COLLECTION_PURPOSE,PSL_FRAUD_PREVENTION_SECURITY,,MULTIPLE_CHOICE,
PSL_DATA_USAGE_RESPONSES:PSL_OTHER_PERFORMANCE:DATA_USAGE_COLLECTION_PURPOSE,PSL_ADVERTISING,,MULTIPLE_CHOICE,
PSL_DATA_USAGE_RESPONSES:PSL_OTHER_PERFORMANCE:DATA_USAGE_COLLECTION_PURPOSE,PSL_PERSONALIZATION,,MULTIPLE_CHOICE,
PSL_DATA_USAGE_RESPONSES:PSL_OTHER_PERFORMANCE:DATA_USAGE_COLLECTION_PURPOSE,PSL_ACCOUNT_MANAGEMENT,,MULTIPLE_CHOICE,
PSL_DATA_USAGE_RESPONSES:PSL_OTHER_PERFORMANCE:DATA_USAGE_SHARING_PURPOSE,PSL_APP_FUNCTIONALITY,,MULTIPLE_CHOICE,
PSL_DATA_USAGE_RESPONSES:PSL_OTHER_PERFORMANCE:DATA_USAGE_SHARING_PURPOSE,PSL_ANALYTICS,,MULTIPLE_CHOICE,
PSL_DATA_USAGE_RESPONSES:PSL_OTHER_PERFORMANCE:DATA_USAGE_SHARING_PURPOSE,PSL_DEVELOPER_COMMUNICATIONS,,MULTIPLE_CHOICE,
PSL_DATA_USAGE_RESPONSES:PSL_OTHER_PERFORMANCE:DATA_USAGE_SHARING_PURPOSE,PSL_FRAUD_PREVENTION_SECURITY,,MULTIPLE_CHOICE,
PSL_DATA_USAGE_RESPONSES:PSL_OTHER_PERFORMANCE:DATA_USAGE_SHARING_PURPOSE,PSL_ADVERTISING,,MULTIPLE_CHOICE,
PSL_DATA_USAGE_RESPONSES:PSL_OTHER_PERFORMANCE:DATA_USAGE_SHARING_PURPOSE,PSL_PERSONALIZATION,,MULTIPLE_CHOICE,
PSL_DATA_USAGE_RESPONSES:PSL_OTHER_PERFORMANCE:DATA_USAGE_SHARING_PURPOSE,PSL_ACCOUNT_MANAGEMENT,,MULTIPLE_CHOICE,
PSL_DATA_USAGE_RESPONSES:PSL_FILES_AND_DOCS:PSL_DATA_USAGE_COLLECTION_AND_SHARING,PSL_DATA_USAGE_ONLY_COLLECTED,,MULTIPLE_CHOICE,
PSL_DATA_USAGE_RESPONSES:PSL_FILES_AND_DOCS:PSL_DATA_USAGE_COLLECTION_AND_SHARING,PSL_DATA_USAGE_ONLY_SHARED,,MULTIPLE_CHOICE,
PSL_DATA_USAGE_RESPONSES:PSL_FILES_AND_DOCS:PSL_DATA_USAGE_EPHEMERAL,,,MAYBE_REQUIRED,
PSL_DATA_USAGE_RESPONSES:PSL_FILES_AND_DOCS:DATA_USAGE_USER_CONTROL,PSL_DATA_USAGE_USER_CONTROL_OPTIONAL,,SINGLE_CHOICE,
PSL_DATA_USAGE_RESPONSES:PSL_FILES_AND_DOCS:DATA_USAGE_USER_CONTROL,PSL_DATA_USAGE_USER_CONTROL_REQUIRED,,SINGLE_CHOICE,
PSL_DATA_USAGE_RESPONSES:PSL_FILES_AND_DOCS:DATA_USAGE_COLLECTION_PURPOSE,PSL_APP_FUNCTIONALITY,,MULTIPLE_CHOICE,
PSL_DATA_USAGE_RESPONSES:PSL_FILES_AND_DOCS:DATA_USAGE_COLLECTION_PURPOSE,PSL_ANALYTICS,,MULTIPLE_CHOICE,
PSL_DATA_USAGE_RESPONSES:PSL_FILES_AND_DOCS:DATA_USAGE_COLLECTION_PURPOSE,PSL_DEVELOPER_COMMUNICATIONS,,MULTIPLE_CHOICE,
PSL_DATA_USAGE_RESPONSES:PSL_FILES_AND_DOCS:DATA_USAGE_COLLECTION_PURPOSE,PSL_FRAUD_PREVENTION_SECURITY,,MULTIPLE_CHOICE,
PSL_DATA_USAGE_RESPONSES:PSL_FILES_AND_DOCS:DATA_USAGE_COLLECTION_PURPOSE,PSL_ADVERTISING,,MULTIPLE_CHOICE,
PSL_DATA_USAGE_RESPONSES:PSL_FILES_AND_DOCS:DATA_USAGE_COLLECTION_PURPOSE,PSL_PERSONALIZATION,,MULTIPLE_CHOICE,
PSL_DATA_USAGE_RESPONSES:PSL_FILES_AND_DOCS:DATA_USAGE_COLLECTION_PURPOSE,PSL_ACCOUNT_MANAGEMENT,,MULTIPLE_CHOICE,
PSL_DATA_USAGE_RESPONSES:PSL_FILES_AND_DOCS:DATA_USAGE_SHARING_PURPOSE,PSL_APP_FUNCTIONALITY,,MULTIPLE_CHOICE,
PSL_DATA_USAGE_RESPONSES:PSL_FILES_AND_DOCS:DATA_USAGE_SHARING_PURPOSE,PSL_ANALYTICS,,MULTIPLE_CHOICE,
PSL_DATA_USAGE_RESPONSES:PSL_FILES_AND_DOCS:DATA_USAGE_SHARING_PURPOSE,PSL_DEVELOPER_COMMUNICATIONS,,MULTIPLE_CHOICE,
PSL_DATA_USAGE_RESPONSES:PSL_FILES_AND_DOCS:DATA_USAGE_SHARING_PURPOSE,PSL_FRAUD_PREVENTION_SECURITY,,MULTIPLE_CHOICE,
PSL_DATA_USAGE_RESPONSES:PSL_FILES_AND_DOCS:DATA_USAGE_SHARING_PURPOSE,PSL_ADVERTISING,,MULTIPLE_CHOICE,
PSL_DATA_USAGE_RESPONSES:PSL_FILES_AND_DOCS:DATA_USAGE_SHARING_PURPOSE,PSL_PERSONALIZATION,,MULTIPLE_CHOICE,
PSL_DATA_USAGE_RESPONSES:PSL_FILES_AND_DOCS:DATA_USAGE_SHARING_PURPOSE,PSL_ACCOUNT_MANAGEMENT,,MULTIPLE_CHOICE,
PSL_DATA_USAGE_RESPONSES:PSL_USER_INTERACTION:PSL_DATA_USAGE_COLLECTION_AND_SHARING,PSL_DATA_USAGE_ONLY_COLLECTED,TRUE,MULTIPLE_CHOICE,
PSL_DATA_USAGE_RESPONSES:PSL_USER_INTERACTION:PSL_DATA_USAGE_COLLECTION_AND_SHARING,PSL_DATA_USAGE_ONLY_SHARED,,MULTIPLE_CHOICE,
PSL_DATA_USAGE_RESPONSES:PSL_USER_INTERACTION:PSL_DATA_USAGE_EPHEMERAL,,FALSE,MAYBE_REQUIRED,
PSL_DATA_USAGE_RESPONSES:PSL_USER_INTERACTION:DATA_USAGE_USER_CONTROL,PSL_DATA_USAGE_USER_CONTROL_OPTIONAL,,SINGLE_CHOICE,
PSL_DATA_USAGE_RESPONSES:PSL_USER_INTERACTION:DATA_USAGE_USER_CONTROL,PSL_DATA_USAGE_USER_CONTROL_REQUIRED,TRUE,SINGLE_CHOICE,
PSL_DATA_USAGE_RESPONSES:PSL_USER_INTERACTION:DATA_USAGE_COLLECTION_PURPOSE,PSL_APP_FUNCTIONALITY,TRUE,MULTIPLE_CHOICE,
PSL_DATA_USAGE_RESPONSES:PSL_USER_INTERACTION:DATA_USAGE_COLLECTION_PURPOSE,PSL_ANALYTICS,TRUE,MULTIPLE_CHOICE,
PSL_DATA_USAGE_RESPONSES:PSL_USER_INTERACTION:DATA_USAGE_COLLECTION_PURPOSE,PSL_DEVELOPER_COMMUNICATIONS,,MULTIPLE_CHOICE,
PSL_DATA_USAGE_RESPONSES:PSL_USER_INTERACTION:DATA_USAGE_COLLECTION_PURPOSE,PSL_FRAUD_PREVENTION_SECURITY,,MULTIPLE_CHOICE,
PSL_DATA_USAGE_RESPONSES:PSL_USER_INTERACTION:DATA_USAGE_COLLECTION_PURPOSE,PSL_ADVERTISING,,MULTIPLE_CHOICE,
PSL_DATA_USAGE_RESPONSES:PSL_USER_INTERACTION:DATA_USAGE_COLLECTION_PURPOSE,PSL_PERSONALIZATION,,MULTIPLE_CHOICE,
PSL_DATA_USAGE_RESPONSES:PSL_USER_INTERACTION:DATA_USAGE_COLLECTION_PURPOSE,PSL_ACCOUNT_MANAGEMENT,,MULTIPLE_CHOICE,
PSL_DATA_USAGE_RESPONSES:PSL_USER_INTERACTION:DATA_USAGE_SHARING_PURPOSE,PSL_APP_FUNCTIONALITY,,MULTIPLE_CHOICE,
PSL_DATA_USAGE_RESPONSES:PSL_USER_INTERACTION:DATA_USAGE_SHARING_PURPOSE,PSL_ANALYTICS,,MULTIPLE_CHOICE,
PSL_DATA_USAGE_RESPONSES:PSL_USER_INTERACTION:DATA_USAGE_SHARING_PURPOSE,PSL_DEVELOPER_COMMUNICATIONS,,MULTIPLE_CHOICE,
PSL_DATA_USAGE_RESPONSES:PSL_USER_INTERACTION:DATA_USAGE_SHARING_PURPOSE,PSL_FRAUD_PREVENTION_SECURITY,,MULTIPLE_CHOICE,
PSL_DATA_USAGE_RESPONSES:PSL_USER_INTERACTION:DATA_USAGE_SHARING_PURPOSE,PSL_ADVERTISING,,MULTIPLE_CHOICE,
PSL_DATA_USAGE_RESPONSES:PSL_USER_INTERACTION:DATA_USAGE_SHARING_PURPOSE,PSL_PERSONALIZATION,,MULTIPLE_CHOICE,
PSL_DATA_USAGE_RESPONSES:PSL_USER_INTERACTION:DATA_USAGE_SHARING_PURPOSE,PSL_ACCOUNT_MANAGEMENT,,MULTIPLE_CHOICE,
PSL_DATA_USAGE_RESPONSES:PSL_IN_APP_SEARCH_HISTORY:PSL_DATA_USAGE_COLLECTION_AND_SHARING,PSL_DATA_USAGE_ONLY_COLLECTED,,MULTIPLE_CHOICE,
PSL_DATA_USAGE_RESPONSES:PSL_IN_APP_SEARCH_HISTORY:PSL_DATA_USAGE_COLLECTION_AND_SHARING,PSL_DATA_USAGE_ONLY_SHARED,,MULTIPLE_CHOICE,
PSL_DATA_USAGE_RESPONSES:PSL_IN_APP_SEARCH_HISTORY:PSL_DATA_USAGE_EPHEMERAL,,,MAYBE_REQUIRED,
PSL_DATA_USAGE_RESPONSES:PSL_IN_APP_SEARCH_HISTORY:DATA_USAGE_USER_CONTROL,PSL_DATA_USAGE_USER_CONTROL_OPTIONAL,,SINGLE_CHOICE,
PSL_DATA_USAGE_RESPONSES:PSL_IN_APP_SEARCH_HISTORY:DATA_USAGE_USER_CONTROL,PSL_DATA_USAGE_USER_CONTROL_REQUIRED,,SINGLE_CHOICE,
PSL_DATA_USAGE_RESPONSES:PSL_IN_APP_SEARCH_HISTORY:DATA_USAGE_COLLECTION_PURPOSE,PSL_APP_FUNCTIONALITY,,MULTIPLE_CHOICE,
PSL_DATA_USAGE_RESPONSES:PSL_IN_APP_SEARCH_HISTORY:DATA_USAGE_COLLECTION_PURPOSE,PSL_ANALYTICS,,MULTIPLE_CHOICE,
PSL_DATA_USAGE_RESPONSES:PSL_IN_APP_SEARCH_HISTORY:DATA_USAGE_COLLECTION_PURPOSE,PSL_DEVELOPER_COMMUNICATIONS,,MULTIPLE_CHOICE,
PSL_DATA_USAGE_RESPONSES:PSL_IN_APP_SEARCH_HISTORY:DATA_USAGE_COLLECTION_PURPOSE,PSL_FRAUD_PREVENTION_SECURITY,,MULTIPLE_CHOICE,
PSL_DATA_USAGE_RESPONSES:PSL_IN_APP_SEARCH_HISTORY:DATA_USAGE_COLLECTION_PURPOSE,PSL_ADVERTISING,,MULTIPLE_CHOICE,
PSL_DATA_USAGE_RESPONSES:PSL_IN_APP_SEARCH_HISTORY:DATA_USAGE_COLLECTION_PURPOSE,PSL_PERSONALIZATION,,MULTIPLE_CHOICE,
PSL_DATA_USAGE_RESPONSES:PSL_IN_APP_SEARCH_HISTORY:DATA_USAGE_COLLECTION_PURPOSE,PSL_ACCOUNT_MANAGEMENT,,MULTIPLE_CHOICE,
PSL_DATA_USAGE_RESPONSES:PSL_IN_APP_SEARCH_HISTORY:DATA_USAGE_SHARING_PURPOSE,PSL_APP_FUNCTIONALITY,,MULTIPLE_CHOICE,
PSL_DATA_USAGE_RESPONSES:PSL_IN_APP_SEARCH_HISTORY:DATA_USAGE_SHARING_PURPOSE,PSL_ANALYTICS,,MULTIPLE_CHOICE,
PSL_DATA_USAGE_RESPONSES:PSL_IN_APP_SEARCH_HISTORY:DATA_USAGE_SHARING_PURPOSE,PSL_DEVELOPER_COMMUNICATIONS,,MULTIPLE_CHOICE,
PSL_DATA_USAGE_RESPONSES:PSL_IN_APP_SEARCH_HISTORY:DATA_USAGE_SHARING_PURPOSE,PSL_FRAUD_PREVENTION_SECURITY,,MULTIPLE_CHOICE,
PSL_DATA_USAGE_RESPONSES:PSL_IN_APP_SEARCH_HISTORY:DATA_USAGE_SHARING_PURPOSE,PSL_ADVERTISING,,MULTIPLE_CHOICE,
PSL_DATA_USAGE_RESPONSES:PSL_IN_APP_SEARCH_HISTORY:DATA_USAGE_SHARING_PURPOSE,PSL_PERSONALIZATION,,MULTIPLE_CHOICE,
PSL_DATA_USAGE_RESPONSES:PSL_IN_APP_SEARCH_HISTORY:DATA_USAGE_SHARING_PURPOSE,PSL_ACCOUNT_MANAGEMENT,,MULTIPLE_CHOICE,
PSL_DATA_USAGE_RESPONSES:PSL_APPS_ON_DEVICE:PSL_DATA_USAGE_COLLECTION_AND_SHARING,PSL_DATA_USAGE_ONLY_COLLECTED,,MULTIPLE_CHOICE,
PSL_DATA_USAGE_RESPONSES:PSL_APPS_ON_DEVICE:PSL_DATA_USAGE_COLLECTION_AND_SHARING,PSL_DATA_USAGE_ONLY_SHARED,,MULTIPLE_CHOICE,
PSL_DATA_USAGE_RESPONSES:PSL_APPS_ON_DEVICE:PSL_DATA_USAGE_EPHEMERAL,,,MAYBE_REQUIRED,
PSL_DATA_USAGE_RESPONSES:PSL_APPS_ON_DEVICE:DATA_USAGE_USER_CONTROL,PSL_DATA_USAGE_USER_CONTROL_OPTIONAL,,SINGLE_CHOICE,
PSL_DATA_USAGE_RESPONSES:PSL_APPS_ON_DEVICE:DATA_USAGE_USER_CONTROL,PSL_DATA_USAGE_USER_CONTROL_REQUIRED,,SINGLE_CHOICE,
PSL_DATA_USAGE_RESPONSES:PSL_APPS_ON_DEVICE:DATA_USAGE_COLLECTION_PURPOSE,PSL_APP_FUNCTIONALITY,,MULTIPLE_CHOICE,
PSL_DATA_USAGE_RESPONSES:PSL_APPS_ON_DEVICE:DATA_USAGE_COLLECTION_PURPOSE,PSL_ANALYTICS,,MULTIPLE_CHOICE,
PSL_DATA_USAGE_RESPONSES:PSL_APPS_ON_DEVICE:DATA_USAGE_COLLECTION_PURPOSE,PSL_DEVELOPER_COMMUNICATIONS,,MULTIPLE_CHOICE,
PSL_DATA_USAGE_RESPONSES:PSL_APPS_ON_DEVICE:DATA_USAGE_COLLECTION_PURPOSE,PSL_FRAUD_PREVENTION_SECURITY,,MULTIPLE_CHOICE,
PSL_DATA_USAGE_RESPONSES:PSL_APPS_ON_DEVICE:DATA_USAGE_COLLECTION_PURPOSE,PSL_ADVERTISING,,MULTIPLE_CHOICE,
PSL_DATA_USAGE_RESPONSES:PSL_APPS_ON_DEVICE:DATA_USAGE_COLLECTION_PURPOSE,PSL_PERSONALIZATION,,MULTIPLE_CHOICE,
PSL_DATA_USAGE_RESPONSES:PSL_APPS_ON_DEVICE:DATA_USAGE_COLLECTION_PURPOSE,PSL_ACCOUNT_MANAGEMENT,,MULTIPLE_CHOICE,
PSL_DATA_USAGE_RESPONSES:PSL_APPS_ON_DEVICE:DATA_USAGE_SHARING_PURPOSE,PSL_APP_FUNCTIONALITY,,MULTIPLE_CHOICE,
PSL_DATA_USAGE_RESPONSES:PSL_APPS_ON_DEVICE:DATA_USAGE_SHARING_PURPOSE,PSL_ANALYTICS,,MULTIPLE_CHOICE,
PSL_DATA_USAGE_RESPONSES:PSL_APPS_ON_DEVICE:DATA_USAGE_SHARING_PURPOSE,PSL_DEVELOPER_COMMUNICATIONS,,MULTIPLE_CHOICE,
PSL_DATA_USAGE_RESPONSES:PSL_APPS_ON_DEVICE:DATA_USAGE_SHARING_PURPOSE,PSL_FRAUD_PREVENTION_SECURITY,,MULTIPLE_CHOICE,
PSL_DATA_USAGE_RESPONSES:PSL_APPS_ON_DEVICE:DATA_USAGE_SHARING_PURPOSE,PSL_ADVERTISING,,MULTIPLE_CHOICE,
PSL_DATA_USAGE_RESPONSES:PSL_APPS_ON_DEVICE:DATA_USAGE_SHARING_PURPOSE,PSL_PERSONALIZATION,,MULTIPLE_CHOICE,
PSL_DATA_USAGE_RESPONSES:PSL_APPS_ON_DEVICE:DATA_USAGE_SHARING_PURPOSE,PSL_ACCOUNT_MANAGEMENT,,MULTIPLE_CHOICE,
PSL_DATA_USAGE_RESPONSES:PSL_USER_GENERATED_CONTENT:PSL_DATA_USAGE_COLLECTION_AND_SHARING,PSL_DATA_USAGE_ONLY_COLLECTED,TRUE,MULTIPLE_CHOICE,
PSL_DATA_USAGE_RESPONSES:PSL_USER_GENERATED_CONTENT:PSL_DATA_USAGE_COLLECTION_AND_SHARING,PSL_DATA_USAGE_ONLY_SHARED,,MULTIPLE_CHOICE,
PSL_DATA_USAGE_RESPONSES:PSL_USER_GENERATED_CONTENT:PSL_DATA_USAGE_EPHEMERAL,,FALSE,MAYBE_REQUIRED,
PSL_DATA_USAGE_RESPONSES:PSL_USER_GENERATED_CONTENT:DATA_USAGE_USER_CONTROL,PSL_DATA_USAGE_USER_CONTROL_OPTIONAL,TRUE,SINGLE_CHOICE,
PSL_DATA_USAGE_RESPONSES:PSL_USER_GENERATED_CONTENT:DATA_USAGE_USER_CONTROL,PSL_DATA_USAGE_USER_CONTROL_REQUIRED,,SINGLE_CHOICE,
PSL_DATA_USAGE_RESPONSES:PSL_USER_GENERATED_CONTENT:DATA_USAGE_COLLECTION_PURPOSE,PSL_APP_FUNCTIONALITY,TRUE,MULTIPLE_CHOICE,
PSL_DATA_USAGE_RESPONSES:PSL_USER_GENERATED_CONTENT:DATA_USAGE_COLLECTION_PURPOSE,PSL_ANALYTICS,,MULTIPLE_CHOICE,
PSL_DATA_USAGE_RESPONSES:PSL_USER_GENERATED_CONTENT:DATA_USAGE_COLLECTION_PURPOSE,PSL_DEVELOPER_COMMUNICATIONS,,MULTIPLE_CHOICE,
PSL_DATA_USAGE_RESPONSES:PSL_USER_GENERATED_CONTENT:DATA_USAGE_COLLECTION_PURPOSE,PSL_FRAUD_PREVENTION_SECURITY,,MULTIPLE_CHOICE,
PSL_DATA_USAGE_RESPONSES:PSL_USER_GENERATED_CONTENT:DATA_USAGE_COLLECTION_PURPOSE,PSL_ADVERTISING,,MULTIPLE_CHOICE,
PSL_DATA_USAGE_RESPONSES:PSL_USER_GENERATED_CONTENT:DATA_USAGE_COLLECTION_PURPOSE,PSL_PERSONALIZATION,,MULTIPLE_CHOICE,
PSL_DATA_USAGE_RESPONSES:PSL_USER_GENERATED_CONTENT:DATA_USAGE_COLLECTION_PURPOSE,PSL_ACCOUNT_MANAGEMENT,,MULTIPLE_CHOICE,
PSL_DATA_USAGE_RESPONSES:PSL_USER_GENERATED_CONTENT:DATA_USAGE_SHARING_PURPOSE,PSL_APP_FUNCTIONALITY,,MULTIPLE_CHOICE,
PSL_DATA_USAGE_RESPONSES:PSL_USER_GENERATED_CONTENT:DATA_USAGE_SHARING_PURPOSE,PSL_ANALYTICS,,MULTIPLE_CHOICE,
PSL_DATA_USAGE_RESPONSES:PSL_USER_GENERATED_CONTENT:DATA_USAGE_SHARING_PURPOSE,PSL_DEVELOPER_COMMUNICATIONS,,MULTIPLE_CHOICE,
PSL_DATA_USAGE_RESPONSES:PSL_USER_GENERATED_CONTENT:DATA_USAGE_SHARING_PURPOSE,PSL_FRAUD_PREVENTION_SECURITY,,MULTIPLE_CHOICE,
PSL_DATA_USAGE_RESPONSES:PSL_USER_GENERATED_CONTENT:DATA_USAGE_SHARING_PURPOSE,PSL_ADVERTISING,,MULTIPLE_CHOICE,
PSL_DATA_USAGE_RESPONSES:PSL_USER_GENERATED_CONTENT:DATA_USAGE_SHARING_PURPOSE,PSL_PERSONALIZATION,,MULTIPLE_CHOICE,
PSL_DATA_USAGE_RESPONSES:PSL_USER_GENERATED_CONTENT:DATA_USAGE_SHARING_PURPOSE,PSL_ACCOUNT_MANAGEMENT,,MULTIPLE_CHOICE,
PSL_DATA_USAGE_RESPONSES:PSL_OTHER_APP_ACTIVITY:PSL_DATA_USAGE_COLLECTION_AND_SHARING,PSL_DATA_USAGE_ONLY_COLLECTED,,MULTIPLE_CHOICE,
PSL_DATA_USAGE_RESPONSES:PSL_OTHER_APP_ACTIVITY:PSL_DATA_USAGE_COLLECTION_AND_SHARING,PSL_DATA_USAGE_ONLY_SHARED,,MULTIPLE_CHOICE,
PSL_DATA_USAGE_RESPONSES:PSL_OTHER_APP_ACTIVITY:PSL_DATA_USAGE_EPHEMERAL,,,MAYBE_REQUIRED,
PSL_DATA_USAGE_RESPONSES:PSL_OTHER_APP_ACTIVITY:DATA_USAGE_USER_CONTROL,PSL_DATA_USAGE_USER_CONTROL_OPTIONAL,,SINGLE_CHOICE,
PSL_DATA_USAGE_RESPONSES:PSL_OTHER_APP_ACTIVITY:DATA_USAGE_USER_CONTROL,PSL_DATA_USAGE_USER_CONTROL_REQUIRED,,SINGLE_CHOICE,
PSL_DATA_USAGE_RESPONSES:PSL_OTHER_APP_ACTIVITY:DATA_USAGE_COLLECTION_PURPOSE,PSL_APP_FUNCTIONALITY,,MULTIPLE_CHOICE,
PSL_DATA_USAGE_RESPONSES:PSL_OTHER_APP_ACTIVITY:DATA_USAGE_COLLECTION_PURPOSE,PSL_ANALYTICS,,MULTIPLE_CHOICE,
PSL_DATA_USAGE_RESPONSES:PSL_OTHER_APP_ACTIVITY:DATA_USAGE_COLLECTION_PURPOSE,PSL_DEVELOPER_COMMUNICATIONS,,MULTIPLE_CHOICE,
PSL_DATA_USAGE_RESPONSES:PSL_OTHER_APP_ACTIVITY:DATA_USAGE_COLLECTION_PURPOSE,PSL_FRAUD_PREVENTION_SECURITY,,MULTIPLE_CHOICE,
PSL_DATA_USAGE_RESPONSES:PSL_OTHER_APP_ACTIVITY:DATA_USAGE_COLLECTION_PURPOSE,PSL_ADVERTISING,,MULTIPLE_CHOICE,
PSL_DATA_USAGE_RESPONSES:PSL_OTHER_APP_ACTIVITY:DATA_USAGE_COLLECTION_PURPOSE,PSL_PERSONALIZATION,,MULTIPLE_CHOICE,
PSL_DATA_USAGE_RESPONSES:PSL_OTHER_APP_ACTIVITY:DATA_USAGE_COLLECTION_PURPOSE,PSL_ACCOUNT_MANAGEMENT,,MULTIPLE_CHOICE,
PSL_DATA_USAGE_RESPONSES:PSL_OTHER_APP_ACTIVITY:DATA_USAGE_SHARING_PURPOSE,PSL_APP_FUNCTIONALITY,,MULTIPLE_CHOICE,
PSL_DATA_USAGE_RESPONSES:PSL_OTHER_APP_ACTIVITY:DATA_USAGE_SHARING_PURPOSE,PSL_ANALYTICS,,MULTIPLE_CHOICE,
PSL_DATA_USAGE_RESPONSES:PSL_OTHER_APP_ACTIVITY:DATA_USAGE_SHARING_PURPOSE,PSL_DEVELOPER_COMMUNICATIONS,,MULTIPLE_CHOICE,
PSL_DATA_USAGE_RESPONSES:PSL_OTHER_APP_ACTIVITY:DATA_USAGE_SHARING_PURPOSE,PSL_FRAUD_PREVENTION_SECURITY,,MULTIPLE_CHOICE,
PSL_DATA_USAGE_RESPONSES:PSL_OTHER_APP_ACTIVITY:DATA_USAGE_SHARING_PURPOSE,PSL_ADVERTISING,,MULTIPLE_CHOICE,
PSL_DATA_USAGE_RESPONSES:PSL_OTHER_APP_ACTIVITY:DATA_USAGE_SHARING_PURPOSE,PSL_PERSONALIZATION,,MULTIPLE_CHOICE,
PSL_DATA_USAGE_RESPONSES:PSL_OTHER_APP_ACTIVITY:DATA_USAGE_SHARING_PURPOSE,PSL_ACCOUNT_MANAGEMENT,,MULTIPLE_CHOICE,
PSL_DATA_USAGE_RESPONSES:PSL_DEVICE_ID:PSL_DATA_USAGE_COLLECTION_AND_SHARING,PSL_DATA_USAGE_ONLY_COLLECTED,TRUE,MULTIPLE_CHOICE,
PSL_DATA_USAGE_RESPONSES:PSL_DEVICE_ID:PSL_DATA_USAGE_COLLECTION_AND_SHARING,PSL_DATA_USAGE_ONLY_SHARED,,MULTIPLE_CHOICE,
PSL_DATA_USAGE_RESPONSES:PSL_DEVICE_ID:PSL_DATA_USAGE_EPHEMERAL,,FALSE,MAYBE_REQUIRED,
PSL_DATA_USAGE_RESPONSES:PSL_DEVICE_ID:DATA_USAGE_USER_CONTROL,PSL_DATA_USAGE_USER_CONTROL_OPTIONAL,,SINGLE_CHOICE,
PSL_DATA_USAGE_RESPONSES:PSL_DEVICE_ID:DATA_USAGE_USER_CONTROL,PSL_DATA_USAGE_USER_CONTROL_REQUIRED,TRUE,SINGLE_CHOICE,
PSL_DATA_USAGE_RESPONSES:PSL_DEVICE_ID:DATA_USAGE_COLLECTION_PURPOSE,PSL_APP_FUNCTIONALITY,TRUE,MULTIPLE_CHOICE,
PSL_DATA_USAGE_RESPONSES:PSL_DEVICE_ID:DATA_USAGE_COLLECTION_PURPOSE,PSL_ANALYTICS,,MULTIPLE_CHOICE,
PSL_DATA_USAGE_RESPONSES:PSL_DEVICE_ID:DATA_USAGE_COLLECTION_PURPOSE,PSL_DEVELOPER_COMMUNICATIONS,,MULTIPLE_CHOICE,
PSL_DATA_USAGE_RESPONSES:PSL_DEVICE_ID:DATA_USAGE_COLLECTION_PURPOSE,PSL_FRAUD_PREVENTION_SECURITY,,MULTIPLE_CHOICE,
PSL_DATA_USAGE_RESPONSES:PSL_DEVICE_ID:DATA_USAGE_COLLECTION_PURPOSE,PSL_ADVERTISING,,MULTIPLE_CHOICE,
PSL_DATA_USAGE_RESPONSES:PSL_DEVICE_ID:DATA_USAGE_COLLECTION_PURPOSE,PSL_PERSONALIZATION,,MULTIPLE_CHOICE,
PSL_DATA_USAGE_RESPONSES:PSL_DEVICE_ID:DATA_USAGE_COLLECTION_PURPOSE,PSL_ACCOUNT_MANAGEMENT,,MULTIPLE_CHOICE,
PSL_DATA_USAGE_RESPONSES:PSL_DEVICE_ID:DATA_USAGE_SHARING_PURPOSE,PSL_APP_FUNCTIONALITY,,MULTIPLE_CHOICE,
PSL_DATA_USAGE_RESPONSES:PSL_DEVICE_ID:DATA_USAGE_SHARING_PURPOSE,PSL_ANALYTICS,,MULTIPLE_CHOICE,
PSL_DATA_USAGE_RESPONSES:PSL_DEVICE_ID:DATA_USAGE_SHARING_PURPOSE,PSL_DEVELOPER_COMMUNICATIONS,,MULTIPLE_CHOICE,
PSL_DATA_USAGE_RESPONSES:PSL_DEVICE_ID:DATA_USAGE_SHARING_PURPOSE,PSL_FRAUD_PREVENTION_SECURITY,,MULTIPLE_CHOICE,
PSL_DATA_USAGE_RESPONSES:PSL_DEVICE_ID:DATA_USAGE_SHARING_PURPOSE,PSL_ADVERTISING,,MULTIPLE_CHOICE,
PSL_DATA_USAGE_RESPONSES:PSL_DEVICE_ID:DATA_USAGE_SHARING_PURPOSE,PSL_PERSONALIZATION,,MULTIPLE_CHOICE,
PSL_DATA_USAGE_RESPONSES:PSL_DEVICE_ID:DATA_USAGE_SHARING_PURPOSE,PSL_ACCOUNT_MANAGEMENT,,MULTIPLE_CHOICE,
PSL_SUPPORTED_ACCOUNT_CREATION_METHODS,PSL_ACM_USER_ID_PASSWORD,TRUE,MULTIPLE_CHOICE,
PSL_SUPPORTED_ACCOUNT_CREATION_METHODS,PSL_ACM_USER_ID_OTHER_AUTH,,MULTIPLE_CHOICE,
PSL_SUPPORTED_ACCOUNT_CREATION_METHODS,PSL_ACM_USER_ID_PASSWORD_OTHER_AUTH,,MULTIPLE_CHOICE,
PSL_SUPPORTED_ACCOUNT_CREATION_METHODS,PSL_ACM_OAUTH,,MULTIPLE_CHOICE,
PSL_SUPPORTED_ACCOUNT_CREATION_METHODS,PSL_ACM_OTHER,,MULTIPLE_CHOICE,
PSL_SUPPORTED_ACCOUNT_CREATION_METHODS,PSL_ACM_NONE,,MULTIPLE_CHOICE,
PSL_ACM_SPECIFY,,,MAYBE_REQUIRED,
PSL_ACCOUNT_DELETION_URL,,https://focusbro.net/account/delete,MAYBE_REQUIRED,
PSL_SUPPORT_DATA_DELETION_BY_USER,DATA_DELETION_YES,TRUE,SINGLE_CHOICE,
PSL_SUPPORT_DATA_DELETION_BY_USER,DATA_DELETION_NO,,SINGLE_CHOICE,
PSL_SUPPORT_DATA_DELETION_BY_USER,DATA_DELETION_NO_AUTO_DELETED,,SINGLE_CHOICE,
PSL_DATA_DELETION_URL,,https://focusbro.net/account/delete,MAYBE_REQUIRED,
PSL_DATA_COLLECTION_COMPLIES_FAMILY_POLICY,,,OPTIONAL,
PSL_INDEPENDENTLY_VALIDATED,,,OPTIONAL,
PSL_UPI_BADGE_OPT_IN,,,OPTIONAL,
PSL_HAS_OUTSIDE_APP_ACCOUNTS,,,OPTIONAL,
PSL_OUTSIDE_APP_ACCOUNT_TYPES,PSL_LOGIN_WITH_OUTSIDE_APP_ID,,MULTIPLE_CHOICE,
PSL_OUTSIDE_APP_ACCOUNT_TYPES,PSL_LOGIN_THROUGH_EMPLOYMENT_OR_ENTERPRISE_ACCOUNT,,MULTIPLE_CHOICE,
PSL_OUTSIDE_APP_ACCOUNT_TYPES,PSL_OUTSIDE_APP_ACCOUNT_TYPE_OTHER,,MULTIPLE_CHOICE,
PSL_OUTSIDE_APP_ACCOUNT_TYPE_SPECIFY,,,MAYBE_REQUIRED,
